date,league,home,away,change,o_home,o_draw,o_away,scraped_at
2026-03-04,Premier League,Aston Villa,Chelsea,0-1,4.87,4.32,1.4,2026-03-03T21:14:25Z
2026-03-04,Premier League,Aston Villa,Chelsea,0-1,4.88,4.35,1.4,2026-03-04T07:07:45Z
2026-03-04,Premier League,Aston Villa,Chelsea,0-1,5,4.35,1.39,2026-03-04T13:56:01Z
2026-03-04,Premier League,Aston Villa,Chelsea,0-1,5,4.36,1.39,2026-03-04T08:56:38Z
2026-03-04,Premier League,Aston Villa,Chelsea,0-1,5.01,4.34,1.39,2026-03-04T13:26:24Z
2026-03-04,Premier League,Aston Villa,Chelsea,0-2,10.28,6.32,1.12,2026-03-03T21:14:25Z
2026-03-04,Premier League,Aston Villa,Chelsea,0-2,10.29,6.35,1.12,2026-03-04T07:07:45Z
2026-03-04,Premier League,Aston Villa,Chelsea,0-2,10.58,6.39,1.11,2026-03-04T08:56:38Z
2026-03-04,Premier League,Aston Villa,Chelsea,0-2,10.6,6.39,1.11,2026-03-04T13:56:01Z
2026-03-04,Premier League,Aston Villa,Chelsea,0-2,10.65,6.39,1.11,2026-03-04T13:26:24Z
2026-03-04,Premier League,Aston Villa,Chelsea,1-0,1.47,4.18,4.33,2026-03-04T07:07:45Z
2026-03-04,Premier League,Aston Villa,Chelsea,1-0,1.48,4.12,4.28,2026-03-04T13:26:24Z
2026-03-04,Premier League,Aston Villa,Chelsea,1-0,1.48,4.13,4.27,2026-03-04T13:56:01Z
2026-03-04,Premier League,Aston Villa,Chelsea,1-0,1.48,4.14,4.26,2026-03-04T08:56:38Z
2026-03-04,Premier League,Aston Villa,Chelsea,1-0,1.48,4.14,4.28,2026-03-03T21:14:25Z
2026-03-04,Premier League,Aston Villa,Chelsea,2-0,1.15,5.93,8.89,2026-03-04T08:56:38Z
2026-03-04,Premier League,Aston Villa,Chelsea,2-0,1.15,5.93,8.92,2026-03-04T13:56:01Z
2026-03-04,Premier League,Aston Villa,Chelsea,2-0,1.15,5.93,8.96,2026-03-04T13:26:24Z
2026-03-04,Premier League,Aston Villa,Chelsea,2-0,1.15,5.94,8.93,2026-03-03T21:14:25Z
2026-03-04,Premier League,Aston Villa,Chelsea,2-0,1.15,5.99,9.01,2026-03-04T07:07:45Z
2026-03-04,Premier League,Aston Villa,Chelsea,3-0,1.03,8.29,16.55,2026-03-04T08:56:38Z
2026-03-04,Premier League,Aston Villa,Chelsea,3-0,1.03,8.3,16.72,2026-03-04T13:26:24Z
2026-03-04,Premier League,Aston Villa,Chelsea,3-0,1.03,8.31,16.67,2026-03-04T13:56:01Z
2026-03-04,Premier League,Aston Villa,Chelsea,3-0,1.03,8.32,16.63,2026-03-03T21:14:25Z
2026-03-04,Premier League,Aston Villa,Chelsea,3-0,1.03,8.35,16.73,2026-03-04T07:07:45Z
2026-03-04,Premier League,Aston Villa,Chelsea,0-1,5.22,4.31,1.38,2026-03-04T14:59:35Z
2026-03-04,Premier League,Aston Villa,Chelsea,1-0,1.48,4.06,4.35,2026-03-04T14:59:35Z
2026-03-04,Premier League,Aston Villa,Chelsea,0-2,11.3,6.44,1.1,2026-03-04T14:59:35Z
2026-03-04,Premier League,Aston Villa,Chelsea,2-0,1.15,5.91,9.25,2026-03-04T14:59:35Z
2026-03-04,Premier League,Aston Villa,Chelsea,3-0,1.03,8.31,17.37,2026-03-04T14:59:35Z
2026-03-04,Premier League,Aston Villa,Chelsea,0-1,4.9,4.26,1.41,2026-03-04T17:50:44Z
2026-03-04,Premier League,Aston Villa,Chelsea,1-0,1.46,4.13,4.47,2026-03-04T17:50:44Z
2026-03-04,Premier League,Aston Villa,Chelsea,0-2,10.48,6.29,1.12,2026-03-04T17:50:44Z
2026-03-04,Premier League,Aston Villa,Chelsea,2-0,1.14,6.01,9.46,2026-03-04T17:50:44Z
2026-03-04,Premier League,Aston Villa,Chelsea,3-0,1.03,8.38,17.55,2026-03-04T17:50:44Z
2026-03-04,Premier League,Brighton,Arsenal,0-1,10.94,5.46,1.14,2026-03-04T13:26:24Z
2026-03-04,Premier League,Brighton,Arsenal,0-1,10.98,5.45,1.14,2026-03-03T21:14:25Z
2026-03-04,Premier League,Brighton,Arsenal,0-1,11.05,5.47,1.14,2026-03-04T08:56:38Z
2026-03-04,Premier League,Brighton,Arsenal,0-1,11.22,5.51,1.14,2026-03-04T07:07:45Z
2026-03-04,Premier League,Brighton,Arsenal,0-2,22.61,7.95,1.02,2026-03-04T13:26:24Z
2026-03-04,Premier League,Brighton,Arsenal,0-2,22.7,7.93,1.02,2026-03-04T13:56:01Z
2026-03-04,Premier League,Brighton,Arsenal,0-2,22.7,7.94,1.02,2026-03-03T21:14:25Z
2026-03-04,Premier League,Brighton,Arsenal,0-2,22.77,7.93,1.02,2026-03-04T08:56:38Z
2026-03-04,Premier League,Brighton,Arsenal,0-2,22.98,7.95,1.02,2026-03-04T07:07:45Z
2026-03-04,Premier League,Brighton,Arsenal,1-0,2.07,3.44,2.66,2026-03-04T13:56:01Z
2026-03-04,Premier League,Brighton,Arsenal,1-0,2.07,3.45,2.66,2026-03-04T13:26:24Z
2026-03-04,Premier League,Brighton,Arsenal,1-0,2.1,3.42,2.61,2026-03-04T08:56:38Z
2026-03-04,Premier League,Brighton,Arsenal,1-0,2.1,3.42,2.62,2026-03-03T21:14:25Z
2026-03-04,Premier League,Brighton,Arsenal,1-0,2.13,3.42,2.58,2026-03-04T07:07:45Z
2026-03-04,Premier League,Brighton,Arsenal,2-0,1.36,4.47,5.24,2026-03-04T13:26:24Z
2026-03-04,Premier League,Brighton,Arsenal,2-0,1.36,4.47,5.27,2026-03-04T13:56:01Z
2026-03-04,Premier League,Brighton,Arsenal,2-0,1.37,4.42,5.15,2026-03-04T08:56:38Z
2026-03-04,Premier League,Brighton,Arsenal,2-0,1.37,4.43,5.18,2026-03-03T21:14:25Z
2026-03-04,Premier League,Brighton,Arsenal,2-0,1.38,4.4,5.07,2026-03-04T07:07:45Z
2026-03-04,Premier League,Brighton,Arsenal,3-0,1.1,6.62,10.66,2026-03-03T21:14:25Z
2026-03-04,Premier League,Brighton,Arsenal,3-0,1.1,6.67,10.78,2026-03-04T13:26:24Z
2026-03-04,Premier League,Brighton,Arsenal,3-0,1.1,6.68,10.85,2026-03-04T13:56:01Z
2026-03-04,Premier League,Brighton,Arsenal,3-0,1.11,6.56,10.42,2026-03-04T07:07:45Z
2026-03-04,Premier League,Brighton,Arsenal,3-0,1.11,6.61,10.62,2026-03-04T08:56:38Z
2026-03-04,Premier League,Brighton,Arsenal,1-0,2.07,3.45,2.65,2026-03-04T14:59:35Z
2026-03-04,Premier League,Brighton,Arsenal,0-2,22.6,7.95,1.02,2026-03-04T14:59:35Z
2026-03-04,Premier League,Brighton,Arsenal,3-0,1.1,6.68,10.78,2026-03-04T14:59:35Z
2026-03-04,Premier League,Brighton,Arsenal,0-1,10.86,5.48,1.14,2026-03-04T17:50:44Z
2026-03-04,Premier League,Brighton,Arsenal,1-0,2.07,3.47,2.64,2026-03-04T17:50:44Z
2026-03-04,Premier League,Brighton,Arsenal,0-2,22.34,7.94,1.02,2026-03-04T17:50:44Z
2026-03-04,Premier League,Brighton,Arsenal,2-0,1.36,4.47,5.18,2026-03-04T17:50:44Z
2026-03-04,Premier League,Brighton,Arsenal,3-0,1.1,6.65,10.61,2026-03-04T17:50:44Z
2026-03-04,Premier League,Fulham,West Ham,0-1,3.37,3.89,1.68,2026-03-03T21:14:25Z
2026-03-04,Premier League,Fulham,West Ham,0-1,3.39,3.94,1.66,2026-03-04T07:07:45Z
2026-03-04,Premier League,Fulham,West Ham,0-1,3.41,3.97,1.65,2026-03-04T13:26:24Z
2026-03-04,Premier League,Fulham,West Ham,0-1,3.42,3.97,1.65,2026-03-04T13:56:01Z
2026-03-04,Premier League,Fulham,West Ham,0-2,6.74,5.32,1.23,2026-03-04T07:07:45Z
2026-03-04,Premier League,Fulham,West Ham,0-2,6.75,5.27,1.23,2026-03-03T21:14:25Z
2026-03-04,Premier League,Fulham,West Ham,0-2,6.75,5.36,1.23,2026-03-04T13:26:24Z
2026-03-04,Premier League,Fulham,West Ham,0-2,6.8,5.36,1.22,2026-03-04T13:56:01Z
2026-03-04,Premier League,Fulham,West Ham,1-0,1.26,4.85,6.64,2026-03-03T21:14:25Z
2026-03-04,Premier League,Fulham,West Ham,1-0,1.27,4.84,6.45,2026-03-04T07:07:45Z
2026-03-04,Premier League,Fulham,West Ham,1-0,1.28,4.81,6.2,2026-03-04T13:56:01Z
2026-03-04,Premier League,Fulham,West Ham,1-0,1.28,4.83,6.26,2026-03-04T13:26:24Z
2026-03-04,Premier League,Fulham,West Ham,2-0,1.06,7.21,14.09,2026-03-03T21:14:25Z
2026-03-04,Premier League,Fulham,West Ham,2-0,1.07,7.09,13.04,2026-03-04T13:56:01Z
2026-03-04,Premier League,Fulham,West Ham,2-0,1.07,7.11,13.13,2026-03-04T13:26:24Z
2026-03-04,Premier League,Fulham,West Ham,2-0,1.07,7.17,13.59,2026-03-04T07:07:45Z
2026-03-04,Premier League,Fulham,West Ham,3-0,1.01,8.8,22.48,2026-03-03T21:14:25Z
2026-03-04,Premier League,Fulham,West Ham,3-0,1.01,8.81,21.29,2026-03-04T13:26:24Z
2026-03-04,Premier League,Fulham,West Ham,3-0,1.01,8.82,21.22,2026-03-04T13:56:01Z
2026-03-04,Premier League,Fulham,West Ham,3-0,1.01,8.83,21.9,2026-03-04T07:07:45Z
2026-03-04,Premier League,Fulham,West Ham,0-1,3.39,3.97,1.66,2026-03-04T14:59:35Z
2026-03-04,Premier League,Fulham,West Ham,1-0,1.28,4.83,6.25,2026-03-04T14:59:35Z
2026-03-04,Premier League,Fulham,West Ham,0-2,6.71,5.34,1.23,2026-03-04T14:59:35Z
2026-03-04,Premier League,Fulham,West Ham,2-0,1.07,7.12,13.12,2026-03-04T14:59:35Z
2026-03-04,Premier League,Fulham,West Ham,3-0,1.01,8.82,21.25,2026-03-04T14:59:35Z
2026-03-04,Premier League,Fulham,West Ham,0-1,3.43,3.98,1.65,2026-03-04T17:50:44Z
2026-03-04,Premier League,Fulham,West Ham,1-0,1.28,4.8,6.13,2026-03-04T17:50:44Z
2026-03-04,Premier League,Fulham,West Ham,0-2,6.79,5.37,1.22,2026-03-04T17:50:44Z
2026-03-04,Premier League,Fulham,West Ham,2-0,1.07,7.07,12.86,2026-03-04T17:50:44Z
2026-03-04,Premier League,Fulham,West Ham,3-0,1.01,8.81,20.96,2026-03-04T17:50:44Z
2026-03-04,Premier League,Manchester City,Nottingham,0-1,1.97,3.62,2.73,2026-03-03T21:14:25Z
2026-03-04,Premier League,Manchester City,Nottingham,0-1,1.98,3.64,2.71,2026-03-04T07:07:45Z
2026-03-04,Premier League,Manchester City,Nottingham,0-1,2.05,3.61,2.59,2026-03-04T08:56:38Z
2026-03-04,Premier League,Manchester City,Nottingham,0-1,2.07,3.59,2.58,2026-03-04T13:26:24Z
2026-03-04,Premier League,Manchester City,Nottingham,0-1,2.11,3.59,2.52,2026-03-04T13:56:01Z
2026-03-04,Premier League,Manchester City,Nottingham,0-2,3.4,4.05,1.64,2026-03-03T21:14:25Z
2026-03-04,Premier League,Manchester City,Nottingham,0-2,3.4,4.06,1.64,2026-03-04T07:07:45Z
2026-03-04,Premier League,Manchester City,Nottingham,0-2,3.59,4.11,1.59,2026-03-04T08:56:38Z
2026-03-04,Premier League,Manchester City,Nottingham,0-2,3.64,4.11,1.58,2026-03-04T13:26:24Z
2026-03-04,Premier League,Manchester City,Nottingham,0-2,3.74,4.15,1.56,2026-03-04T13:56:01Z
2026-03-04,Premier League,Manchester City,Nottingham,0-3,6.48,5.52,1.23,2026-03-03T21:14:25Z
2026-03-04,Premier League,Manchester City,Nottingham,0-3,6.48,5.54,1.23,2026-03-04T07:07:45Z
2026-03-04,Premier League,Manchester City,Nottingham,0-3,6.9,5.67,1.21,2026-03-04T08:56:38Z
2026-03-04,Premier League,Manchester City,Nottingham,0-3,7.04,5.71,1.2,2026-03-04T13:26:24Z
2026-03-04,Premier League,Manchester City,Nottingham,0-3,7.25,5.79,1.19,2026-03-04T13:56:01Z
2026-03-04,Premier League,Manchester City,Nottingham,1-0,1.08,6.48,14.02,2026-03-03T21:14:25Z
2026-03-04,Premier League,Manchester City,Nottingham,1-0,1.08,6.49,13.88,2026-03-04T07:07:45Z
2026-03-04,Premier League,Manchester City,Nottingham,1-0,1.09,6.29,13.14,2026-03-04T13:26:24Z
2026-03-04,Premier League,Manchester City,Nottingham,1-0,1.09,6.32,13.15,2026-03-04T08:56:38Z
2026-03-04,Premier League,Manchester City,Nottingham,1-0,1.1,6.2,12.64,2026-03-04T13:56:01Z
2026-03-04,Premier League,Manchester City,Nottingham,2-0,1.01,8.29,23.57,2026-03-04T13:56:01Z
2026-03-04,Premier League,Manchester City,Nottingham,2-0,1.01,8.3,24.18,2026-03-04T13:26:24Z
2026-03-04,Premier League,Manchester City,Nottingham,2-0,1.01,8.32,24.08,2026-03-04T08:56:38Z
2026-03-04,Premier League,Manchester City,Nottingham,2-0,1.01,8.36,24.82,2026-03-04T07:07:45Z
2026-03-04,Premier League,Manchester City,Nottingham,2-0,1.01,8.36,25.11,2026-03-03T21:14:25Z
2026-03-04,Premier League,Manchester City,Nottingham,0-1,2.06,3.59,2.58,2026-03-04T14:59:35Z
2026-03-04,Premier League,Manchester City,Nottingham,1-0,1.09,6.3,13.2,2026-03-04T14:59:35Z
2026-03-04,Premier League,Manchester City,Nottingham,0-2,3.62,4.11,1.59,2026-03-04T14:59:35Z
2026-03-04,Premier League,Manchester City,Nottingham,2-0,1.01,8.3,24.22,2026-03-04T14:59:35Z
2026-03-04,Premier League,Manchester City,Nottingham,0-3,7,5.69,1.2,2026-03-04T14:59:35Z
2026-03-04,Premier League,Manchester City,Nottingham,0-1,2.01,3.6,2.66,2026-03-04T17:50:44Z
2026-03-04,Premier League,Manchester City,Nottingham,1-0,1.09,6.41,13.78,2026-03-04T17:50:44Z
2026-03-04,Premier League,Manchester City,Nottingham,0-2,3.51,4.07,1.61,2026-03-04T17:50:44Z
2026-03-04,Premier League,Manchester City,Nottingham,2-0,1.01,8.32,24.87,2026-03-04T17:50:44Z
2026-03-04,Premier League,Manchester City,Nottingham,0-3,6.75,5.6,1.21,2026-03-04T17:50:44Z
2026-03-04,Premier League,Newcastle,Manchester Utd,0-1,4.5,4.38,1.43,2026-03-03T21:14:25Z
2026-03-04,Premier League,Newcastle,Manchester Utd,0-1,4.51,4.41,1.43,2026-03-04T13:26:24Z
2026-03-04,Premier League,Newcastle,Manchester Utd,0-1,4.53,4.42,1.42,2026-03-04T08:56:38Z
2026-03-04,Premier League,Newcastle,Manchester Utd,0-1,4.57,4.43,1.42,2026-03-04T07:07:45Z
2026-03-04,Premier League,Newcastle,Manchester Utd,0-2,9.16,6.25,1.14,2026-03-04T13:26:24Z
2026-03-04,Premier League,Newcastle,Manchester Utd,0-2,9.19,6.23,1.14,2026-03-03T21:14:25Z
2026-03-04,Premier League,Newcastle,Manchester Utd,0-2,9.23,6.26,1.13,2026-03-04T08:56:38Z
2026-03-04,Premier League,Newcastle,Manchester Utd,0-2,9.31,6.29,1.13,2026-03-04T07:07:45Z
2026-03-04,Premier League,Newcastle,Manchester Utd,1-0,1.47,4.3,4.24,2026-03-03T21:14:25Z
2026-03-04,Premier League,Newcastle,Manchester Utd,1-0,1.47,4.31,4.19,2026-03-04T07:07:45Z
2026-03-04,Premier League,Newcastle,Manchester Utd,1-0,1.47,4.31,4.2,2026-03-04T08:56:38Z
2026-03-04,Premier League,Newcastle,Manchester Utd,2-0,1.15,6.04,8.48,2026-03-04T08:56:38Z
2026-03-04,Premier League,Newcastle,Manchester Utd,2-0,1.15,6.05,8.6,2026-03-03T21:14:25Z
2026-03-04,Premier League,Newcastle,Manchester Utd,2-0,1.16,6.03,8.44,2026-03-04T07:07:45Z
2026-03-04,Premier League,Newcastle,Manchester Utd,2-0,1.16,6.03,8.45,2026-03-04T13:26:24Z
2026-03-04,Premier League,Newcastle,Manchester Utd,3-0,1.03,8.37,15.6,2026-03-04T08:56:38Z
2026-03-04,Premier League,Newcastle,Manchester Utd,3-0,1.03,8.37,15.79,2026-03-03T21:14:25Z
2026-03-04,Premier League,Newcastle,Manchester Utd,3-0,1.04,8.34,15.5,2026-03-04T07:07:45Z
2026-03-04,Premier League,Newcastle,Manchester Utd,3-0,1.04,8.35,15.51,2026-03-04T13:26:24Z
2026-03-04,Premier League,Newcastle,Manchester Utd,0-1,4.47,4.38,1.43,2026-03-04T14:59:35Z
2026-03-04,Premier League,Newcastle,Manchester Utd,1-0,1.47,4.31,4.23,2026-03-04T14:59:35Z
2026-03-04,Premier League,Newcastle,Manchester Utd,0-2,9.08,6.21,1.14,2026-03-04T14:59:35Z
2026-03-04,Premier League,Newcastle,Manchester Utd,2-0,1.15,6.05,8.55,2026-03-04T14:59:35Z
2026-03-04,Premier League,Newcastle,Manchester Utd,3-0,1.03,8.39,15.72,2026-03-04T14:59:35Z
2026-03-04,Premier League,Newcastle,Manchester Utd,0-1,4.47,4.34,1.44,2026-03-04T17:50:44Z
2026-03-04,Premier League,Newcastle,Manchester Utd,1-0,1.46,4.28,4.3,2026-03-04T17:50:44Z
2026-03-04,Premier League,Newcastle,Manchester Utd,0-2,9.17,6.18,1.14,2026-03-04T17:50:44Z
2026-03-04,Premier League,Newcastle,Manchester Utd,2-0,1.15,6.06,8.77,2026-03-04T17:50:44Z
2026-03-04,Premier League,Newcastle,Manchester Utd,3-0,1.03,8.4,16.11,2026-03-04T17:50:44Z
2026-03-05,Premier League,Tottenham,Crystal Palace,0-1,4.25,3.98,1.51,2026-03-05T15:06:24Z
2026-03-05,Premier League,Tottenham,Crystal Palace,1-0,1.34,4.38,5.66,2026-03-05T15:06:24Z
2026-03-05,Premier League,Tottenham,Crystal Palace,0-2,9.11,5.8,1.15,2026-03-05T15:06:24Z
2026-03-05,Premier League,Tottenham,Crystal Palace,2-0,1.09,6.63,12.42,2026-03-05T15:06:24Z
2026-03-05,Premier League,Tottenham,Crystal Palace,3-0,1.01,8.63,21.34,2026-03-05T15:06:24Z
2026-03-06,Championship,Preston,Oxford Utd,0-1,3.69,3.57,1.67,2026-03-03T21:14:25Z
2026-03-06,Championship,Preston,Oxford Utd,0-2,8.12,5.21,1.2,2026-03-03T21:14:25Z
2026-03-06,Championship,Preston,Oxford Utd,1-0,1.24,4.62,7.91,2026-03-03T21:14:25Z
2026-03-06,Championship,Preston,Oxford Utd,2-0,1.05,7.26,18.01,2026-03-03T21:14:25Z
2026-03-06,Championship,Preston,Oxford Utd,3-0,1.01,8.51,27.66,2026-03-03T21:14:25Z
2026-03-06,League 2,Cheltenham,Barrow,0-1,4.35,3.77,1.46,2026-03-04T13:26:24Z
2026-03-06,League 2,Cheltenham,Barrow,0-1,4.46,3.79,1.45,2026-03-03T21:14:25Z
2026-03-06,League 2,Cheltenham,Barrow,0-2,9.25,5.46,1.13,2026-03-04T13:26:24Z
2026-03-06,League 2,Cheltenham,Barrow,0-2,9.52,5.52,1.12,2026-03-03T21:14:25Z
2026-03-06,League 2,Cheltenham,Barrow,1-0,1.33,4.05,5.44,2026-03-04T13:26:24Z
2026-03-06,League 2,Cheltenham,Barrow,1-0,1.35,4,5.27,2026-03-03T21:14:25Z
2026-03-06,League 2,Cheltenham,Barrow,2-0,1.08,5.9,11.3,2026-03-03T21:14:25Z
2026-03-06,League 2,Cheltenham,Barrow,2-0,1.08,5.97,11.65,2026-03-04T13:26:24Z
2026-03-06,League 2,Cheltenham,Barrow,3-0,1.01,7.3,18.42,2026-03-03T21:14:25Z
2026-03-06,League 2,Cheltenham,Barrow,3-0,1.01,7.32,18.76,2026-03-04T13:26:24Z
2026-03-06,League 2,Cheltenham,Barrow,0-1,4.22,3.73,1.48,2026-03-05T15:06:24Z
2026-03-06,League 2,Cheltenham,Barrow,1-0,1.32,4.08,5.6,2026-03-05T15:06:24Z
2026-03-06,League 2,Cheltenham,Barrow,0-2,8.98,5.39,1.13,2026-03-05T15:06:24Z
2026-03-06,League 2,Cheltenham,Barrow,2-0,1.07,6.02,11.98,2026-03-05T15:06:24Z
2026-03-06,League 2,Cheltenham,Barrow,3-0,1.01,7.3,19.08,2026-03-05T15:06:24Z
2026-03-07,Championship,Blackburn,Portsmouth,0-1,4.86,3.74,1.48,2026-03-03T21:14:25Z
2026-03-07,Championship,Blackburn,Portsmouth,0-1,5.02,3.77,1.46,2026-03-04T08:56:38Z
2026-03-07,Championship,Blackburn,Portsmouth,0-2,11.41,5.89,1.12,2026-03-03T21:14:25Z
2026-03-07,Championship,Blackburn,Portsmouth,0-2,11.83,5.98,1.11,2026-03-04T08:56:38Z
2026-03-07,Championship,Blackburn,Portsmouth,1-0,1.34,4.08,6.25,2026-03-03T21:14:25Z
2026-03-07,Championship,Blackburn,Portsmouth,1-0,1.36,4.02,6.02,2026-03-04T08:56:38Z
2026-03-07,Championship,Blackburn,Portsmouth,2-0,1.07,6.59,14.85,2026-03-03T21:14:25Z
2026-03-07,Championship,Blackburn,Portsmouth,2-0,1.08,6.48,14.3,2026-03-04T08:56:38Z
2026-03-07,Championship,Blackburn,Portsmouth,3-0,1.01,8.44,24.69,2026-03-04T08:56:38Z
2026-03-07,Championship,Blackburn,Portsmouth,3-0,1.01,8.44,25.18,2026-03-03T21:14:25Z
2026-03-07,Championship,Charlton,Birmingham,0-1,7.19,4.5,1.27,2026-03-03T21:14:25Z
2026-03-07,Championship,Charlton,Birmingham,0-2,16.42,7.08,1.06,2026-03-03T21:14:25Z
2026-03-07,Championship,Charlton,Birmingham,1-0,1.63,3.63,3.82,2026-03-03T21:14:25Z
2026-03-07,Championship,Charlton,Birmingham,2-0,1.19,5.33,8.39,2026-03-03T21:14:25Z
2026-03-07,Championship,Charlton,Birmingham,3-0,1.04,7.88,16.73,2026-03-03T21:14:25Z
2026-03-07,Championship,Hull,Millwall,0-1,5.23,4.11,1.4,2026-03-03T21:14:25Z
2026-03-07,Championship,Hull,Millwall,0-1,5.78,4.24,1.35,2026-03-04T07:07:45Z
2026-03-07,Championship,Hull,Millwall,0-2,11.74,6.3,1.1,2026-03-03T21:14:25Z
2026-03-07,Championship,Hull,Millwall,0-2,13.08,6.57,1.09,2026-03-04T07:07:45Z
2026-03-07,Championship,Hull,Millwall,1-0,1.45,3.99,4.79,2026-03-03T21:14:25Z
2026-03-07,Championship,Hull,Millwall,1-0,1.5,3.88,4.45,2026-03-04T07:07:45Z
2026-03-07,Championship,Hull,Millwall,2-0,1.12,6.05,10.69,2026-03-03T21:14:25Z
2026-03-07,Championship,Hull,Millwall,2-0,1.14,5.82,9.86,2026-03-04T07:07:45Z
2026-03-07,Championship,Hull,Millwall,3-0,1.02,8.39,19.74,2026-03-03T21:14:25Z
2026-03-07,Championship,Hull,Millwall,3-0,1.03,8.25,18.71,2026-03-04T07:07:45Z
2026-03-07,Championship,Sheffield Utd,West Brom,0-1,2.85,3.53,1.94,2026-03-03T21:14:25Z
2026-03-07,Championship,Sheffield Utd,West Brom,0-2,5.7,4.67,1.32,2026-03-03T21:14:25Z
2026-03-07,Championship,Sheffield Utd,West Brom,1-0,1.17,5.26,9.67,2026-03-03T21:14:25Z
2026-03-07,Championship,Sheffield Utd,West Brom,2-0,1.03,7.8,20.44,2026-03-03T21:14:25Z
2026-03-07,Championship,Sheffield Utd,West Brom,3-0,1.01,8.5,28.92,2026-03-03T21:14:25Z
2026-03-07,League 1,Barnsley,Exeter,0-1,3,3.64,1.75,2026-03-03T21:14:25Z
2026-03-07,League 1,Barnsley,Exeter,0-1,3.06,3.64,1.73,2026-03-04T07:07:45Z
2026-03-07,League 1,Barnsley,Exeter,0-1,3.15,3.66,1.7,2026-03-04T13:26:24Z
2026-03-07,League 1,Barnsley,Exeter,0-2,5.79,4.76,1.25,2026-03-03T21:14:25Z
2026-03-07,League 1,Barnsley,Exeter,0-2,5.96,4.79,1.24,2026-03-04T07:07:45Z
2026-03-07,League 1,Barnsley,Exeter,0-2,6.15,4.85,1.23,2026-03-04T13:26:24Z
2026-03-07,League 1,Barnsley,Exeter,1-0,1.22,4.67,6.82,2026-03-04T07:07:45Z
2026-03-07,League 1,Barnsley,Exeter,1-0,1.22,4.68,6.75,2026-03-03T21:14:25Z
2026-03-07,League 1,Barnsley,Exeter,1-0,1.23,4.61,6.58,2026-03-04T13:26:24Z
2026-03-07,League 1,Barnsley,Exeter,2-0,1.05,6.54,13.24,2026-03-04T13:26:24Z
2026-03-07,League 1,Barnsley,Exeter,2-0,1.05,6.59,13.64,2026-03-04T07:07:45Z
2026-03-07,League 1,Barnsley,Exeter,2-0,1.05,6.61,13.49,2026-03-03T21:14:25Z
2026-03-07,League 1,Barnsley,Exeter,3-0,1.01,7.42,19.94,2026-03-04T07:07:45Z
2026-03-07,League 1,Barnsley,Exeter,3-0,1.01,7.43,19.66,2026-03-03T21:14:25Z
2026-03-07,League 1,Barnsley,Exeter,3-0,1.01,7.44,19.57,2026-03-04T13:26:24Z
2026-03-07,League 1,Barnsley,Exeter,0-1,3.24,3.67,1.67,2026-03-05T15:06:24Z
2026-03-07,League 1,Barnsley,Exeter,1-0,1.25,4.52,6.3,2026-03-05T15:06:24Z
2026-03-07,League 1,Barnsley,Exeter,0-2,6.38,4.91,1.22,2026-03-05T15:06:24Z
2026-03-07,League 1,Barnsley,Exeter,2-0,1.06,6.44,12.75,2026-03-05T15:06:24Z
2026-03-07,League 1,Barnsley,Exeter,3-0,1.01,7.43,19.14,2026-03-05T15:06:24Z
2026-03-07,League 1,Blackpool,Wigan,0-1,4.04,3.64,1.52,2026-03-03T21:14:25Z
2026-03-07,League 1,Blackpool,Wigan,0-2,8.6,5.26,1.14,2026-03-03T21:14:25Z
2026-03-07,League 1,Blackpool,Wigan,1-0,1.3,4.12,5.9,2026-03-03T21:14:25Z
2026-03-07,League 1,Blackpool,Wigan,2-0,1.07,6.12,12.67,2026-03-03T21:14:25Z
2026-03-07,League 1,Blackpool,Wigan,3-0,1.01,7.3,19.83,2026-03-03T21:14:25Z
2026-03-07,League 1,Blackpool,Wigan,0-1,3.94,3.62,1.54,2026-03-04T14:59:35Z
2026-03-07,League 1,Blackpool,Wigan,1-0,1.29,4.17,6.09,2026-03-04T14:59:35Z
2026-03-07,League 1,Blackpool,Wigan,0-2,8.35,5.2,1.15,2026-03-04T14:59:35Z
2026-03-07,League 1,Blackpool,Wigan,2-0,1.06,6.18,13.03,2026-03-04T14:59:35Z
2026-03-07,League 1,Blackpool,Wigan,3-0,1.01,7.29,20.15,2026-03-04T14:59:35Z
2026-03-07,League 1,Blackpool,Wigan,0-1,4.4,3.77,1.45,2026-03-05T15:06:24Z
2026-03-07,League 1,Blackpool,Wigan,1-0,1.35,3.99,5.26,2026-03-05T15:06:24Z
2026-03-07,League 1,Blackpool,Wigan,0-2,9.4,5.49,1.12,2026-03-05T15:06:24Z
2026-03-07,League 1,Blackpool,Wigan,2-0,1.08,5.9,11.28,2026-03-05T15:06:24Z
2026-03-07,League 1,Blackpool,Wigan,3-0,1.01,7.3,18.39,2026-03-05T15:06:24Z
2026-03-07,League 1,Cardiff,Lincoln,0-1,3.71,3.72,1.56,2026-03-03T21:14:25Z
2026-03-07,League 1,Cardiff,Lincoln,0-2,7.59,5.18,1.17,2026-03-03T21:14:25Z
2026-03-07,League 1,Cardiff,Lincoln,1-0,1.3,4.27,5.7,2026-03-03T21:14:25Z
2026-03-07,League 1,Cardiff,Lincoln,2-0,1.07,6.18,11.87,2026-03-03T21:14:25Z
2026-03-07,League 1,Cardiff,Lincoln,3-0,1.01,7.41,18.6,2026-03-03T21:14:25Z
2026-03-07,League 1,Huddersfield,Rotherham,0-1,2.39,3.39,2.14,2026-03-03T21:14:25Z
2026-03-07,League 1,Huddersfield,Rotherham,0-1,2.45,3.35,2.11,2026-03-04T08:56:38Z
2026-03-07,League 1,Huddersfield,Rotherham,0-2,4.49,4.17,1.39,2026-03-03T21:14:25Z
2026-03-07,League 1,Huddersfield,Rotherham,0-2,4.65,4.19,1.38,2026-03-04T08:56:38Z
2026-03-07,League 1,Huddersfield,Rotherham,1-0,1.11,5.31,10.75,2026-03-03T21:14:25Z
2026-03-07,League 1,Huddersfield,Rotherham,1-0,1.12,5.22,10.51,2026-03-04T08:56:38Z
2026-03-07,League 1,Huddersfield,Rotherham,2-0,1.01,6.96,19.76,2026-03-03T21:14:25Z
2026-03-07,League 1,Huddersfield,Rotherham,2-0,1.02,6.94,19.65,2026-03-04T08:56:38Z
2026-03-07,League 1,Huddersfield,Rotherham,3-0,1.01,7.03,25.67,2026-03-04T08:56:38Z
2026-03-07,League 1,Huddersfield,Rotherham,3-0,1.01,7.05,25.8,2026-03-03T21:14:25Z
2026-03-07,League 1,Huddersfield,Rotherham,0-1,2.46,3.33,2.11,2026-03-04T14:59:35Z
2026-03-07,League 1,Huddersfield,Rotherham,1-0,1.12,5.19,10.62,2026-03-04T14:59:35Z
2026-03-07,League 1,Huddersfield,Rotherham,0-2,4.71,4.18,1.37,2026-03-04T14:59:35Z
2026-03-07,League 1,Huddersfield,Rotherham,2-0,1.02,6.91,19.9,2026-03-04T14:59:35Z
2026-03-07,League 1,Huddersfield,Rotherham,3-0,1.01,7.01,26.02,2026-03-04T14:59:35Z
2026-03-07,League 1,Peterborough,Port Vale,0-1,3.18,3.65,1.69,2026-03-04T07:07:45Z
2026-03-07,League 1,Peterborough,Port Vale,0-1,3.28,3.66,1.66,2026-03-03T21:14:25Z
2026-03-07,League 1,Peterborough,Port Vale,0-2,6.26,4.86,1.23,2026-03-04T07:07:45Z
2026-03-07,League 1,Peterborough,Port Vale,0-2,6.53,4.92,1.21,2026-03-03T21:14:25Z
2026-03-07,League 1,Peterborough,Port Vale,1-0,1.23,4.58,6.6,2026-03-04T07:07:45Z
2026-03-07,League 1,Peterborough,Port Vale,1-0,1.25,4.52,6.44,2026-03-03T21:14:25Z
2026-03-07,League 1,Peterborough,Port Vale,2-0,1.05,6.46,13.13,2026-03-03T21:14:25Z
2026-03-07,League 1,Peterborough,Port Vale,2-0,1.05,6.53,13.36,2026-03-04T07:07:45Z
2026-03-07,League 1,Peterborough,Port Vale,3-0,1.01,7.41,19.57,2026-03-03T21:14:25Z
2026-03-07,League 1,Peterborough,Port Vale,3-0,1.01,7.42,19.73,2026-03-04T07:07:45Z
2026-03-07,League 1,Plymouth,Doncaster,0-1,3.26,3.73,1.65,2026-03-04T13:26:24Z
2026-03-07,League 1,Plymouth,Doncaster,0-2,6.38,4.97,1.22,2026-03-04T13:26:24Z
2026-03-07,League 1,Plymouth,Doncaster,1-0,1.26,4.52,6.04,2026-03-04T13:26:24Z
2026-03-07,League 1,Plymouth,Doncaster,2-0,1.06,6.41,12.19,2026-03-04T13:26:24Z
2026-03-07,League 1,Plymouth,Doncaster,3-0,1.01,7.47,18.47,2026-03-04T13:26:24Z
2026-03-07,League 2,Accrington,Cambridge Utd,0-1,8.94,4.59,1.18,2026-03-03T21:14:25Z
2026-03-07,League 2,Accrington,Cambridge Utd,0-1,9.03,4.57,1.18,2026-03-04T08:56:38Z
2026-03-07,League 2,Accrington,Cambridge Utd,0-2,18.51,6.63,1.03,2026-03-03T21:14:25Z
2026-03-07,League 2,Accrington,Cambridge Utd,0-2,18.78,6.63,1.02,2026-03-04T08:56:38Z
2026-03-07,League 2,Accrington,Cambridge Utd,1-0,1.77,3.28,3.22,2026-03-04T08:56:38Z
2026-03-07,League 2,Accrington,Cambridge Utd,1-0,1.77,3.3,3.2,2026-03-03T21:14:25Z
2026-03-07,League 2,Accrington,Cambridge Utd,2-0,1.22,4.61,6.86,2026-03-04T08:56:38Z
2026-03-07,League 2,Accrington,Cambridge Utd,2-0,1.23,4.61,6.76,2026-03-03T21:14:25Z
2026-03-07,League 2,Accrington,Cambridge Utd,3-0,1.05,6.66,13.25,2026-03-03T21:14:25Z
2026-03-07,League 2,Accrington,Cambridge Utd,3-0,1.05,6.66,13.44,2026-03-04T08:56:38Z
2026-03-07,League 2,Accrington,Cambridge Utd,0-1,9.13,4.55,1.18,2026-03-05T15:06:24Z
2026-03-07,League 2,Accrington,Cambridge Utd,1-0,1.77,3.25,3.25,2026-03-05T15:06:24Z
2026-03-07,League 2,Accrington,Cambridge Utd,0-2,19.02,6.6,1.02,2026-03-05T15:06:24Z
2026-03-07,League 2,Accrington,Cambridge Utd,2-0,1.22,4.61,6.96,2026-03-05T15:06:24Z
2026-03-07,League 2,Accrington,Cambridge Utd,3-0,1.05,6.67,13.67,2026-03-05T15:06:24Z
2026-03-07,League 2,Bristol Rovers,Crewe,0-1,3.86,3.72,1.53,2026-03-03T21:14:25Z
2026-03-07,League 2,Bristol Rovers,Crewe,0-2,7.99,5.25,1.16,2026-03-03T21:14:25Z
2026-03-07,League 2,Bristol Rovers,Crewe,1-0,1.3,4.21,5.68,2026-03-03T21:14:25Z
2026-03-07,League 2,Bristol Rovers,Crewe,2-0,1.07,6.14,11.93,2026-03-03T21:14:25Z
2026-03-07,League 2,Bristol Rovers,Crewe,3-0,1.01,7.38,18.79,2026-03-03T21:14:25Z
2026-03-07,League 2,Chesterfield,Shrewsbury,0-1,2.77,3.37,1.92,2026-03-04T07:07:45Z
2026-03-07,League 2,Chesterfield,Shrewsbury,0-1,2.96,3.45,1.81,2026-03-03T21:14:25Z
2026-03-07,League 2,Chesterfield,Shrewsbury,0-2,5.48,4.4,1.3,2026-03-04T07:07:45Z
2026-03-07,League 2,Chesterfield,Shrewsbury,0-2,5.9,4.59,1.26,2026-03-03T21:14:25Z
2026-03-07,League 2,Chesterfield,Shrewsbury,1-0,1.14,4.98,9.74,2026-03-04T07:07:45Z
2026-03-07,League 2,Chesterfield,Shrewsbury,1-0,1.17,4.78,8.37,2026-03-03T21:14:25Z
2026-03-07,League 2,Chesterfield,Shrewsbury,2-0,1.02,6.82,18.93,2026-03-04T07:07:45Z
2026-03-07,League 2,Chesterfield,Shrewsbury,2-0,1.03,6.74,16.76,2026-03-03T21:14:25Z
2026-03-07,League 2,Chesterfield,Shrewsbury,3-0,1.01,7.06,25.32,2026-03-04T07:07:45Z
2026-03-07,League 2,Chesterfield,Shrewsbury,3-0,1.01,7.19,23.15,2026-03-03T21:14:25Z
2026-03-07,League 2,Chesterfield,Shrewsbury,0-1,2.85,3.38,1.88,2026-03-04T14:59:35Z
2026-03-07,League 2,Chesterfield,Shrewsbury,1-0,1.15,4.89,9.29,2026-03-04T14:59:35Z
2026-03-07,League 2,Chesterfield,Shrewsbury,0-2,5.68,4.46,1.28,2026-03-04T14:59:35Z
2026-03-07,League 2,Chesterfield,Shrewsbury,2-0,1.02,6.78,18.3,2026-03-04T14:59:35Z
2026-03-07,League 2,Chesterfield,Shrewsbury,3-0,1.01,7.08,24.7,2026-03-04T14:59:35Z
2026-03-07,League 2,Crawley,Swindon,0-1,5.33,4.34,1.31,2026-03-03T21:14:25Z
2026-03-07,League 2,Crawley,Swindon,0-1,5.42,4.29,1.31,2026-03-04T08:56:38Z
2026-03-07,League 2,Crawley,Swindon,0-2,10.8,6.17,1.08,2026-03-03T21:14:25Z
2026-03-07,League 2,Crawley,Swindon,0-2,11.13,6.14,1.08,2026-03-04T08:56:38Z
2026-03-07,League 2,Crawley,Swindon,0-3,17.13,7.48,1.01,2026-03-03T21:14:25Z
2026-03-07,League 2,Crawley,Swindon,1-0,1.56,3.79,3.66,2026-03-04T08:56:38Z
2026-03-07,League 2,Crawley,Swindon,1-0,1.56,3.85,3.61,2026-03-03T21:14:25Z
2026-03-07,League 2,Crawley,Swindon,2-0,1.17,5.21,7.36,2026-03-04T08:56:38Z
2026-03-07,League 2,Crawley,Swindon,2-0,1.18,5.23,7.15,2026-03-03T21:14:25Z
2026-03-07,League 2,Crawley,Swindon,3-0,1.04,7.09,13.38,2026-03-04T08:56:38Z
2026-03-07,League 2,Gillingham,Fleetwood,0-1,3.61,3.55,1.61,2026-03-04T07:07:45Z
2026-03-07,League 2,Gillingham,Fleetwood,0-1,3.67,3.61,1.59,2026-03-03T21:14:25Z
2026-03-07,League 2,Gillingham,Fleetwood,0-2,7.57,5,1.18,2026-03-04T07:07:45Z
2026-03-07,League 2,Gillingham,Fleetwood,0-2,7.64,5.07,1.17,2026-03-03T21:14:25Z
2026-03-07,League 2,Gillingham,Fleetwood,0-3,14.16,6.96,1.04,2026-03-04T07:07:45Z
2026-03-07,League 2,Gillingham,Fleetwood,1-0,1.23,4.4,7.02,2026-03-04T07:07:45Z
2026-03-07,League 2,Gillingham,Fleetwood,1-0,1.25,4.37,6.67,2026-03-03T21:14:25Z
2026-03-07,League 2,Gillingham,Fleetwood,2-0,1.04,6.44,14.78,2026-03-04T07:07:45Z
2026-03-07,League 2,Gillingham,Fleetwood,2-0,1.05,6.39,14.01,2026-03-03T21:14:25Z
2026-03-07,League 2,Gillingham,Fleetwood,3-0,1.01,7.3,20.89,2026-03-03T21:14:25Z
2026-03-07,League 2,Gillingham,Fleetwood,0-1,3.71,3.53,1.59,2026-03-05T15:06:24Z
2026-03-07,League 2,Gillingham,Fleetwood,1-0,1.25,4.31,6.85,2026-03-05T15:06:24Z
2026-03-07,League 2,Gillingham,Fleetwood,0-2,7.85,5.03,1.17,2026-03-05T15:06:24Z
2026-03-07,League 2,Gillingham,Fleetwood,2-0,1.05,6.36,14.59,2026-03-05T15:06:24Z
2026-03-07,League 2,Gillingham,Fleetwood,0-3,14.65,6.99,1.03,2026-03-05T15:06:24Z
2026-03-07,League 2,Grimsby,Bromley,0-1,3.79,3.64,1.56,2026-03-04T07:07:45Z
2026-03-07,League 2,Grimsby,Bromley,0-1,3.83,3.61,1.56,2026-03-03T21:14:25Z
2026-03-07,League 2,Grimsby,Bromley,0-1,3.89,3.68,1.53,2026-03-04T08:56:38Z
2026-03-07,League 2,Grimsby,Bromley,0-2,7.93,5.15,1.16,2026-03-04T07:07:45Z
2026-03-07,League 2,Grimsby,Bromley,0-2,8.07,5.14,1.16,2026-03-03T21:14:25Z
2026-03-07,League 2,Grimsby,Bromley,0-2,8.14,5.23,1.15,2026-03-04T08:56:38Z
2026-03-07,League 2,Grimsby,Bromley,1-0,1.28,4.2,6.15,2026-03-03T21:14:25Z
2026-03-07,League 2,Grimsby,Bromley,1-0,1.28,4.24,6.08,2026-03-04T07:07:45Z
2026-03-07,League 2,Grimsby,Bromley,1-0,1.29,4.22,5.94,2026-03-04T08:56:38Z
2026-03-07,League 2,Grimsby,Bromley,2-0,1.06,6.21,13.1,2026-03-03T21:14:25Z
2026-03-07,League 2,Grimsby,Bromley,2-0,1.06,6.22,12.86,2026-03-04T07:07:45Z
2026-03-07,League 2,Grimsby,Bromley,2-0,1.07,6.18,12.54,2026-03-04T08:56:38Z
2026-03-07,League 2,Grimsby,Bromley,3-0,1.01,7.29,20.13,2026-03-03T21:14:25Z
2026-03-07,League 2,Grimsby,Bromley,3-0,1.01,7.33,19.84,2026-03-04T07:07:45Z
2026-03-07,League 2,Grimsby,Bromley,3-0,1.01,7.34,19.52,2026-03-04T08:56:38Z
2026-03-07,League 2,Grimsby,Bromley,1-0,1.28,4.24,6.09,2026-03-04T17:50:44Z
2026-03-07,League 2,Grimsby,Bromley,0-2,7.92,5.15,1.16,2026-03-04T17:50:44Z
2026-03-07,League 2,Grimsby,Bromley,2-0,1.06,6.23,12.89,2026-03-04T17:50:44Z
2026-03-07,League 2,MK Dons,Harrogate,0-1,1.87,3.45,2.81,2026-03-03T21:14:25Z
2026-03-07,League 2,MK Dons,Harrogate,0-2,3.19,3.81,1.66,2026-03-03T21:14:25Z
2026-03-07,League 2,MK Dons,Harrogate,0-3,5.97,5.09,1.23,2026-03-03T21:14:25Z
2026-03-07,League 2,MK Dons,Harrogate,1-0,1.06,6.03,14.45,2026-03-03T21:14:25Z
2026-03-07,League 2,MK Dons,Harrogate,2-0,1.01,7.03,23.31,2026-03-03T21:14:25Z
2026-03-07,League 2,MK Dons,Harrogate,0-1,1.87,3.45,2.82,2026-03-05T15:06:24Z
2026-03-07,League 2,MK Dons,Harrogate,1-0,1.06,6.04,14.54,2026-03-05T15:06:24Z
2026-03-07,League 2,MK Dons,Harrogate,0-2,3.18,3.81,1.66,2026-03-05T15:06:24Z
2026-03-07,League 2,MK Dons,Harrogate,2-0,1.01,7.03,23.39,2026-03-05T15:06:24Z
2026-03-07,League 2,MK Dons,Harrogate,0-3,5.94,5.08,1.23,2026-03-05T15:06:24Z
2026-03-07,League 2,Newport,Colchester,0-1,8.49,4.69,1.18,2026-03-04T07:07:45Z
2026-03-07,League 2,Newport,Colchester,0-1,8.84,4.75,1.17,2026-03-03T21:14:25Z
2026-03-07,League 2,Newport,Colchester,0-1,9.07,4.78,1.16,2026-03-04T13:26:24Z
2026-03-07,League 2,Newport,Colchester,0-2,17.27,6.68,1.03,2026-03-04T07:07:45Z
2026-03-07,League 2,Newport,Colchester,0-2,17.84,6.72,1.03,2026-03-03T21:14:25Z
2026-03-07,League 2,Newport,Colchester,0-2,18.19,6.74,1.02,2026-03-04T13:26:24Z
2026-03-07,League 2,Newport,Colchester,0-3,23.85,7.12,1.01,2026-03-04T07:07:45Z
2026-03-07,League 2,Newport,Colchester,0-3,24.74,7.07,1.01,2026-03-04T13:26:24Z
2026-03-07,League 2,Newport,Colchester,1-0,1.77,3.41,3.1,2026-03-04T07:07:45Z
2026-03-07,League 2,Newport,Colchester,1-0,1.81,3.38,3.01,2026-03-03T21:14:25Z
2026-03-07,League 2,Newport,Colchester,1-0,1.84,3.36,2.95,2026-03-04T13:26:24Z
2026-03-07,League 2,Newport,Colchester,2-0,1.24,4.64,6.34,2026-03-04T07:07:45Z
2026-03-07,League 2,Newport,Colchester,2-0,1.25,4.56,6.12,2026-03-03T21:14:25Z
2026-03-07,League 2,Newport,Colchester,2-0,1.26,4.51,5.98,2026-03-04T13:26:24Z
2026-03-07,League 2,Newport,Colchester,3-0,1.06,6.54,11.93,2026-03-03T21:14:25Z
2026-03-07,League 2,Newport,Colchester,0-1,8.73,4.72,1.17,2026-03-05T15:06:24Z
2026-03-07,League 2,Newport,Colchester,1-0,1.81,3.37,3.02,2026-03-05T15:06:24Z
2026-03-07,League 2,Newport,Colchester,0-2,17.67,6.69,1.03,2026-03-05T15:06:24Z
2026-03-07,League 2,Newport,Colchester,2-0,1.25,4.56,6.16,2026-03-05T15:06:24Z
2026-03-07,League 2,Newport,Colchester,0-3,24.34,7.11,1.01,2026-03-05T15:06:24Z
2026-03-07,League 2,Salford,Barnet,0-1,4.15,3.8,1.48,2026-03-03T21:14:25Z
2026-03-07,League 2,Salford,Barnet,0-1,4.33,3.94,1.44,2026-03-04T07:07:45Z
2026-03-07,League 2,Salford,Barnet,0-1,4.4,3.89,1.44,2026-03-04T08:56:38Z
2026-03-07,League 2,Salford,Barnet,0-2,8.66,5.42,1.14,2026-03-03T21:14:25Z
2026-03-07,League 2,Salford,Barnet,0-2,8.92,5.58,1.13,2026-03-04T07:07:45Z
2026-03-07,League 2,Salford,Barnet,0-2,9.19,5.57,1.12,2026-03-04T08:56:38Z
2026-03-07,League 2,Salford,Barnet,1-0,1.34,4.11,5.31,2026-03-03T21:14:25Z
2026-03-07,League 2,Salford,Barnet,1-0,1.38,4.02,4.88,2026-03-04T08:56:38Z
2026-03-07,League 2,Salford,Barnet,1-0,1.38,4.07,4.8,2026-03-04T07:07:45Z
2026-03-07,League 2,Salford,Barnet,2-0,1.08,5.99,11.16,2026-03-03T21:14:25Z
2026-03-07,League 2,Salford,Barnet,2-0,1.1,5.81,10.24,2026-03-04T08:56:38Z
2026-03-07,League 2,Salford,Barnet,2-0,1.1,5.83,9.93,2026-03-04T07:07:45Z
2026-03-07,League 2,Salford,Barnet,3-0,1.01,7.36,18.03,2026-03-03T21:14:25Z
2026-03-07,League 2,Salford,Barnet,3-0,1.02,7.35,17.05,2026-03-04T08:56:38Z
2026-03-07,League 2,Salford,Barnet,3-0,1.02,7.37,16.55,2026-03-04T07:07:45Z
2026-03-07,League 2,Tranmere,Oldham,0-1,5.6,4.09,1.32,2026-03-04T07:07:45Z
2026-03-07,League 2,Tranmere,Oldham,0-1,5.76,4.16,1.31,2026-03-04T13:56:01Z
2026-03-07,League 2,Tranmere,Oldham,0-1,5.99,4.21,1.29,2026-03-03T21:14:25Z
2026-03-07,League 2,Tranmere,Oldham,0-2,11.96,6.03,1.07,2026-03-04T07:07:45Z
2026-03-07,League 2,Tranmere,Oldham,0-2,12.25,6.11,1.07,2026-03-04T13:56:01Z
2026-03-07,League 2,Tranmere,Oldham,0-2,12.73,6.19,1.06,2026-03-03T21:14:25Z
2026-03-07,League 2,Tranmere,Oldham,1-0,1.49,3.73,4.19,2026-03-04T07:07:45Z
2026-03-07,League 2,Tranmere,Oldham,1-0,1.51,3.7,4.02,2026-03-04T13:56:01Z
2026-03-07,League 2,Tranmere,Oldham,1-0,1.52,3.69,3.97,2026-03-03T21:14:25Z
2026-03-07,League 2,Tranmere,Oldham,2-0,1.13,5.38,8.9,2026-03-04T07:07:45Z
2026-03-07,League 2,Tranmere,Oldham,2-0,1.15,5.26,8.37,2026-03-03T21:14:25Z
2026-03-07,League 2,Tranmere,Oldham,2-0,1.15,5.29,8.47,2026-03-04T13:56:01Z
2026-03-07,League 2,Tranmere,Oldham,3-0,1.02,7.18,15.81,2026-03-04T07:07:45Z
2026-03-07,League 2,Tranmere,Oldham,3-0,1.03,7.11,15.11,2026-03-03T21:14:25Z
2026-03-07,League 2,Tranmere,Oldham,3-0,1.03,7.14,15.25,2026-03-04T13:56:01Z
2026-03-07,League 2,Tranmere,Oldham,0-1,7.08,4.45,1.23,2026-03-05T15:06:24Z
2026-03-07,League 2,Tranmere,Oldham,1-0,1.67,3.51,3.38,2026-03-05T15:06:24Z
2026-03-07,League 2,Tranmere,Oldham,0-2,14.78,6.47,1.04,2026-03-05T15:06:24Z
2026-03-07,League 2,Tranmere,Oldham,2-0,1.2,4.86,6.97,2026-03-05T15:06:24Z
2026-03-07,League 2,Tranmere,Oldham,3-0,1.04,6.84,13.22,2026-03-05T15:06:24Z
2026-03-07,League 2,Walsall,Notts Co,0-1,6.39,4.16,1.28,2026-03-04T07:07:45Z
2026-03-07,League 2,Walsall,Notts Co,0-1,6.44,4.13,1.28,2026-03-03T21:14:25Z
2026-03-07,League 2,Walsall,Notts Co,0-1,6.58,4.18,1.27,2026-03-04T13:26:24Z
2026-03-07,League 2,Walsall,Notts Co,0-2,13.83,6.2,1.06,2026-03-04T07:07:45Z
2026-03-07,League 2,Walsall,Notts Co,0-2,14.08,6.2,1.06,2026-03-03T21:14:25Z
2026-03-07,League 2,Walsall,Notts Co,0-2,14.25,6.25,1.05,2026-03-04T13:26:24Z
2026-03-07,League 2,Walsall,Notts Co,1-0,1.52,3.57,4.15,2026-03-03T21:14:25Z
2026-03-07,League 2,Walsall,Notts Co,1-0,1.52,3.6,4.11,2026-03-04T07:07:45Z
2026-03-07,League 2,Walsall,Notts Co,1-0,1.54,3.55,3.99,2026-03-04T13:26:24Z
2026-03-07,League 2,Walsall,Notts Co,2-0,1.14,5.25,8.9,2026-03-04T07:07:45Z
2026-03-07,League 2,Walsall,Notts Co,2-0,1.14,5.25,9.05,2026-03-03T21:14:25Z
2026-03-07,League 2,Walsall,Notts Co,2-0,1.15,5.17,8.64,2026-03-04T13:26:24Z
2026-03-07,League 2,Walsall,Notts Co,3-0,1.02,7.09,16.07,2026-03-04T07:07:45Z
2026-03-07,League 2,Walsall,Notts Co,3-0,1.02,7.1,16.37,2026-03-03T21:14:25Z
2026-03-07,League 2,Walsall,Notts Co,3-0,1.03,7.07,15.8,2026-03-04T13:26:24Z
2026-03-07,League 2,Walsall,Notts Co,0-1,6.52,4.2,1.27,2026-03-05T15:06:24Z
2026-03-07,League 2,Walsall,Notts Co,1-0,1.54,3.57,3.96,2026-03-05T15:06:24Z
2026-03-07,League 2,Walsall,Notts Co,2-0,1.15,5.18,8.53,2026-03-05T15:06:24Z
2026-03-07,League 2,Walsall,Notts Co,0-2,14.07,6.26,1.05,2026-03-05T15:06:24Z
2026-03-07,League 2,Walsall,Notts Co,3-0,1.03,7.07,15.6,2026-03-05T15:06:24Z
2026-03-14,Premier League,Arsenal,Everton,0-1,1.8,3.45,3.28,2026-03-05T15:06:24Z
2026-03-14,Premier League,Arsenal,Everton,1-0,1.04,6.96,21.43,2026-03-05T15:06:24Z
2026-03-14,Premier League,Arsenal,Everton,0-2,3.1,3.75,1.78,2026-03-05T15:06:24Z
2026-03-14,Premier League,Arsenal,Everton,2-0,1.01,8.07,34.65,2026-03-05T15:06:24Z
2026-03-14,Premier League,Arsenal,Everton,0-3,6,5.11,1.27,2026-03-05T15:06:24Z
2026-03-14,Premier League,Burnley,Bournemouth,0-1,7.43,4.97,1.23,2026-03-05T15:06:24Z
2026-03-14,Premier League,Burnley,Bournemouth,1-0,1.78,3.75,3.11,2026-03-05T15:06:24Z
2026-03-14,Premier League,Burnley,Bournemouth,0-2,15.82,7.43,1.05,2026-03-05T15:06:24Z
2026-03-14,Premier League,Burnley,Bournemouth,2-0,1.27,5,6.18,2026-03-05T15:06:24Z
2026-03-14,Premier League,Burnley,Bournemouth,3-0,1.07,7.34,12.3,2026-03-05T15:06:24Z
2026-03-14,Premier League,Chelsea,Newcastle,0-1,2.77,3.88,1.88,2026-03-05T15:06:24Z
2026-03-14,Premier League,Chelsea,Newcastle,1-0,1.22,5.23,7.16,2026-03-05T15:06:24Z
2026-03-14,Premier League,Chelsea,Newcastle,0-2,5.16,4.89,1.33,2026-03-05T15:06:24Z
2026-03-14,Premier League,Chelsea,Newcastle,2-0,1.05,7.58,14.56,2026-03-05T15:06:24Z
2026-03-14,Premier League,Chelsea,Newcastle,3-0,1.01,8.95,22.29,2026-03-05T15:06:24Z
2026-03-14,Premier League,Sunderland,Brighton,0-1,6.69,4.48,1.29,2026-03-05T15:06:24Z
2026-03-14,Premier League,Sunderland,Brighton,1-0,1.6,3.72,3.87,2026-03-05T15:06:24Z
2026-03-14,Premier League,Sunderland,Brighton,0-2,15.05,6.96,1.06,2026-03-05T15:06:24Z
2026-03-14,Premier League,Sunderland,Brighton,2-0,1.18,5.43,8.39,2026-03-05T15:06:24Z
2026-03-14,Premier League,Sunderland,Brighton,3-0,1.04,7.96,16.56,2026-03-05T15:06:24Z
