date_recommended,date_match,sport,country,sex,market,home,away,outcome,odds,probability,ev,kelly_frac,bet_amount,info,win,pnl,source
2025-02-12,2025-02-12,handball,iceland,male,outcome,Haukar,ÍBV,home,1.65,0.735,0.2127499999999999,NA,750,NA,TRUE,488,gsheets
2025-02-13,2025-02-13,handball,iceland,male,outcome,Afturelding,HK,away,7,0.18,0.26,NA,150,NA,FALSE,-150,gsheets
2025-02-12,2025-02-13,handball,iceland,male,outcome,KA,Fram,away,1.6,0.64,0.02400000000000007,NA,150,NA,TRUE,90,gsheets
2025-02-13,2025-02-13,handball,iceland,male,totals,Grótta,Stjarnan,under,1.9,0.601,0.14189999999999992,NA,150,NA,TRUE,135,gsheets
2025-02-13,2025-02-13,handball,iceland,male,totals,KA,Fram,over,1.9,0.63075,0.19842499999999996,NA,150,NA,TRUE,135,gsheets
2025-02-13,2025-02-14,handball,iceland,male,handicap,Fjölnir,FH,away,1.9,0.60775,0.154725,NA,450,NA,TRUE,405,gsheets
2025-02-13,2025-02-14,handball,iceland,male,outcome,Fjölnir,FH,away,1.22,0.92,0.12240000000000004,NA,1500,NA,TRUE,330,gsheets
2025-02-13,2025-02-14,handball,iceland,male,totals,Fjölnir,FH,under,1.9,0.6385,0.21314999999999984,NA,450,NA,FALSE,-450,gsheets
2025-02-14,2025-02-15,handball,iceland,female,handicap,Fram,Selfoss,home,1.9,0.5865,0.11434999999999997,NA,150,NA,FALSE,-150,gsheets
2025-02-14,2025-02-15,handball,iceland,female,handicap,Stjarnan,ÍR,away,1.85,0.6385,0.18122499999999997,NA,150,NA,TRUE,128,gsheets
2025-02-14,2025-02-15,handball,iceland,female,outcome,Fram,Selfoss,home,1.2,0.8575,0.02899999999999999,NA,300,NA,TRUE,60,gsheets
2025-02-14,2025-02-15,handball,iceland,female,outcome,Stjarnan,ÍR,away,2.4,0.6025,0.44600000000000006,NA,300,NA,TRUE,420,gsheets
2025-02-14,2025-02-15,handball,iceland,female,totals,Fram,Selfoss,over,1.9,0.59925,0.1385749999999999,NA,150,NA,TRUE,135,gsheets
2025-02-14,2025-02-15,handball,iceland,female,totals,Fram,Selfoss,under,1.9,0.6545,0.24354999999999993,NA,150,NA,FALSE,-150,gsheets
2025-02-14,2025-02-15,handball,iceland,female,totals,Stjarnan,ÍR,under,1.9,0.558,0.06020000000000003,NA,150,NA,TRUE,135,gsheets
2025-02-13,2025-02-15,handball,iceland,male,handicap,ÍR,Valur,home,1.9,0.6225,0.18275000000000008,NA,300,7.5,FALSE,-300,gsheets
2025-02-13,2025-02-15,handball,iceland,male,outcome,ÍR,Valur,home,11,0.1,0.09999999999999998,NA,150,NA,FALSE,-150,gsheets
2025-02-13,2025-02-15,handball,iceland,male,totals,ÍR,Valur,over,1.9,0.60225,0.14427499999999982,NA,450,63.5,TRUE,405,gsheets
2025-02-15,2025-02-16,handball,iceland,male,outcome,ÍBV,Grótta,home,1.33,0.77675,0.03307750000000015,NA,300,NA,TRUE,99,gsheets
2025-02-15,2025-02-16,handball,iceland,male,totals,ÍBV,Grótta,under,1.88,0.603,0.13363999999999987,NA,300,61.5,TRUE,264,gsheets
2025-02-18,2025-02-18,handball,iceland,female,handicap,Valur,Selfoss,home,1.9,0.628,0.19319999999999993,NA,450,-7.5,TRUE,405,gsheets
2025-02-18,2025-02-18,handball,iceland,female,outcome,Valur,Selfoss,home,1.14,0.96925,0.10494499999999984,NA,1500,NA,TRUE,210,gsheets
2025-02-18,2025-02-19,handball,iceland,female,outcome,Haukar,Stjarnan,home,1.18,0.91275,0.07704499999999989,NA,750,NA,TRUE,135,gsheets
2025-02-18,2025-02-19,handball,iceland,female,totals,Haukar,Stjarnan,over,1.9,0.678,0.2882,NA,450,49.5,TRUE,405,gsheets
2025-02-18,2025-02-20,handball,iceland,male,outcome,FH,Grótta,home,1.22,0.87025,0.06170499999999993,NA,450,NA,TRUE,99,gsheets
2025-02-18,2025-02-20,handball,iceland,male,outcome,Valur,Fjölnir,home,1.05,0.96825,0.0166625000000001,NA,600,NA,TRUE,30,gsheets
2025-02-18,2025-02-20,handball,iceland,male,totals,FH,Grótta,under,1.9,0.61775,0.17372500000000002,NA,150,58.5,TRUE,135,gsheets
2025-02-18,2025-02-20,handball,iceland,male,totals,Fram,ÍR,over,1.9,0.76175,0.447325,NA,450,63.5,TRUE,405,gsheets
2025-02-18,2025-02-21,handball,iceland,male,outcome,HK,KA,home,1.8,0.61825,0.11284999999999996,NA,150,NA,TRUE,120,gsheets
2025-02-22,2025-02-22,handball,iceland,female,outcome,Grótta,Fram,away,1.16,0.9215,0.06893999999999992,NA,1050,NA,TRUE,168,gsheets
2025-02-22,2025-02-22,handball,iceland,female,totals,Grótta,Fram,under,1.9,0.6375,0.21124999999999983,NA,750,51.5,FALSE,-750,gsheets
2025-03-04,2025-03-04,handball,iceland,male,outcome,Grótta,Fjölnir,home,1.36,0.7995,0.08732000000000006,NA,525,NA,FALSE,-525,gsheets
2025-03-04,2025-03-04,handball,iceland,male,outcome,Haukar,FH,away,2.4,0.439,0.05359999999999998,NA,135,NA,TRUE,189,gsheets
2025-03-04,2025-03-04,handball,iceland,male,outcome,ÍR,HK,away,1.6,0.71475,0.14360000000000006,NA,525,NA,FALSE,-525,gsheets
2025-03-04,2025-03-04,handball,iceland,male,totals,Grótta,Fjölnir,under,1.9,0.65,0.235,NA,450,58.5,FALSE,-450,gsheets
2025-03-04,2025-03-04,handball,iceland,male,totals,Haukar,FH,under,1.85,0.73125,0.3528125,NA,750,60.5,TRUE,638,gsheets
2025-03-04,2025-03-04,handball,iceland,male,totals,KA,ÍBV,over,1.9,0.6285,0.19414999999999985,NA,390,59.5,TRUE,351,gsheets
2025-03-04,2025-03-04,handball,iceland,male,totals,ÍR,HK,over,1.9,0.6185,0.17515000000000003,NA,390,62.5,FALSE,-390,gsheets
2025-03-04,2025-03-05,handball,iceland,male,totals,Afturelding,Stjarnan,over,1.9,0.743,0.4116999999999999,NA,900,59.5,TRUE,810,gsheets
2025-03-04,2025-03-05,handball,iceland,male,totals,Valur,Fram,over,1.9,0.83675,0.5898249999999999,NA,900,61.5,TRUE,810,gsheets
2025-03-06,2025-03-08,handball,iceland,male,handicap,Fjölnir,Haukar,away,1.85,0.714,0.32089999999999996,NA,480,4.5,TRUE,408,gsheets
2025-03-06,2025-03-08,handball,iceland,male,handicap,Valur,Grótta,home,1.85,0.55925,0.0346125000000001,NA,75,-5.5,FALSE,-75,gsheets
2025-03-06,2025-03-08,handball,iceland,male,outcome,Fjölnir,Haukar,away,1.18,0.9335,0.10152999999999993,NA,630,NA,TRUE,113,gsheets
2025-03-06,2025-03-08,handball,iceland,male,outcome,HK,Fram,away,1.55,0.68475,0.06136249999999998,NA,165,NA,TRUE,91,gsheets
2025-03-07,2025-03-08,handball,iceland,male,outcome,HK,Fram,home,5.5,0.24675,0.3571249999999999,NA,75,NA,FALSE,-75,gsheets
2025-03-06,2025-03-08,handball,iceland,male,outcome,Valur,Grótta,home,1.16,0.9055,0.0503799999999999,NA,405,NA,TRUE,65,gsheets
2025-03-06,2025-03-08,handball,iceland,male,outcome,ÍBV,ÍR,home,1.16,0.88575,0.02746999999999996,NA,240,NA,FALSE,-240,gsheets
2025-03-06,2025-03-08,handball,iceland,male,totals,Fjölnir,Haukar,under,1.85,0.60875,0.12618750000000012,NA,165,60.5,FALSE,-165,gsheets
2025-03-07,2025-03-08,handball,iceland,male,totals,Fjölnir,Haukar,under,1.9,0.71775,0.363725,NA,480,62.5,TRUE,432,gsheets
2025-03-06,2025-03-08,handball,iceland,male,totals,HK,Fram,under,1.9,0.6555,0.24544999999999983,NA,315,61.5,TRUE,283,gsheets
2025-03-06,2025-03-08,handball,iceland,male,totals,Valur,Grótta,under,1.9,0.77875,0.4796250000000001,NA,630,62.5,TRUE,567,gsheets
2025-03-06,2025-03-08,handball,iceland,male,totals,ÍBV,ÍR,under,1.9,0.66975,0.2725249999999999,NA,405,63.5,FALSE,-405,gsheets
2025-03-07,2025-03-08,handball,iceland,male,totals,ÍBV,ÍR,under,1.9,0.72225,0.3722749999999998,NA,480,64.5,FALSE,-480,gsheets
2025-03-07,2025-03-09,handball,iceland,male,handicap,Stjarnan,KA,home,1.85,0.592,0.09519999999999997,NA,165,-0.5,TRUE,140,gsheets
2025-03-07,2025-03-09,handball,iceland,male,outcome,Stjarnan,KA,home,1.85,0.6265,0.15902499999999997,NA,240,NA,TRUE,204,gsheets
2025-03-07,2025-03-09,handball,iceland,male,totals,FH,Afturelding,over,1.9,0.72725,0.38177499999999986,NA,480,60.5,TRUE,432,gsheets
2025-03-07,2025-03-09,handball,iceland,male,totals,Stjarnan,KA,under,1.9,0.572,0.08679999999999988,NA,75,58.5,FALSE,-75,gsheets
2025-03-11,2025-03-12,handball,iceland,female,outcome,Fram,Haukar,away,2.85,0.42,0.19699999999999995,NA,450,NA,FALSE,-450,gsheets
2025-03-11,2025-03-12,handball,iceland,female,totals,Fram,Haukar,over,1.9,0.54525,0.03597499999999998,NA,225,50.5,FALSE,-225,gsheets
2025-03-11,2025-03-12,handball,iceland,female,totals,Selfoss,Grótta,under,1.9,0.63375,0.204125,NA,675,47.5,TRUE,607,gsheets
2025-03-14,2025-03-15,handball,iceland,female,handicap,Haukar,Grótta,home,1.9,0.5635,0.07064999999999999,NA,300,-7.5,TRUE,270,gsheets
2025-03-14,2025-03-15,handball,iceland,female,outcome,Fram,Valur,away,1.55,0.695,0.07724999999999993,NA,540,NA,FALSE,-540,gsheets
2025-03-14,2025-03-15,handball,iceland,female,totals,Fram,Valur,over,1.9,0.55275,0.05022499999999991,NA,210,52.5,TRUE,189,gsheets
2025-03-14,2025-03-15,handball,iceland,female,totals,Fram,Valur,over,1.9,0.61225,0.16327499999999984,NA,690,51.5,TRUE,621,gsheets
2025-03-14,2025-03-15,handball,iceland,female,totals,Haukar,Grótta,over,1.9,0.64375,0.223125,NA,930,50.5,TRUE,837,gsheets
2025-03-14,2025-03-16,handball,iceland,female,handicap,Selfoss,ÍR,away,1.9,0.66775,0.2687249999999999,NA,615,-1.5,TRUE,553,gsheets
2025-03-14,2025-03-16,handball,iceland,female,outcome,Selfoss,ÍR,away,2.9,0.54325,0.5754250000000001,NA,540,NA,TRUE,1026,gsheets
2025-03-14,2025-03-16,handball,iceland,female,totals,Selfoss,ÍR,under,1.9,0.60525,0.14997499999999986,NA,630,47.5,TRUE,567,gsheets
2025-03-18,2025-03-19,handball,iceland,female,handicap,Valur,Haukar,home,1.9,0.5895,0.12005,NA,585,-2.5,TRUE,526,gsheets
2025-03-18,2025-03-19,handball,iceland,female,outcome,Valur,Haukar,home,1.55,0.7635,0.18342499999999995,NA,1350,NA,TRUE,743,gsheets
2025-03-18,2025-03-19,handball,iceland,female,totals,Valur,Haukar,over,1.9,0.67975,0.2915249999999999,NA,1275,52.5,FALSE,-1275,gsheets
2025-03-18,2025-03-19,handball,iceland,male,handicap,Afturelding,Fjölnir,home,1.9,0.65825,0.250675,NA,1125,-6.5,TRUE,1012,gsheets
2025-03-18,2025-03-19,handball,iceland,male,handicap,Fram,ÍBV,home,1.8,0.5905,0.06290000000000007,NA,315,-1.5,TRUE,252,gsheets
2025-03-19,2025-03-19,handball,iceland,male,handicap,Haukar,Grótta,home,1.9,0.57525,0.09297500000000004,NA,420,-4.5,FALSE,-420,gsheets
2025-03-18,2025-03-19,handball,iceland,male,handicap,KA,FH,away,1.9,0.639,0.21409999999999996,NA,960,2.5,FALSE,-960,gsheets
2025-03-18,2025-03-19,handball,iceland,male,outcome,Afturelding,Fjölnir,home,1.1,0.9605,0.05655000000000011,NA,2310,NA,TRUE,231,gsheets
2025-03-18,2025-03-19,handball,iceland,male,outcome,Fram,ÍBV,home,1.6,0.705,0.128,NA,870,NA,TRUE,522,gsheets
2025-03-19,2025-03-19,handball,iceland,male,outcome,Haukar,Grótta,home,1.2,0.87125,0.04549999999999993,NA,915,NA,FALSE,-915,gsheets
2025-03-18,2025-03-19,handball,iceland,male,outcome,KA,FH,away,1.45,0.80625,0.1690625,NA,1530,NA,TRUE,688,gsheets
2025-03-18,2025-03-19,handball,iceland,male,outcome,ÍR,Stjarnan,away,1.72,0.66825,0.14939000000000002,NA,840,NA,FALSE,-840,gsheets
2025-03-18,2025-03-19,handball,iceland,male,totals,Afturelding,Fjölnir,under,1.9,0.656,0.24639999999999995,NA,1110,60.5,TRUE,999,gsheets
2025-03-18,2025-03-19,handball,iceland,male,totals,Fram,ÍBV,over,1.9,0.7295,0.38605,NA,1740,61.5,TRUE,1566,gsheets
2025-03-18,2025-03-19,handball,iceland,male,totals,HK,Valur,under,1.9,0.616,0.17039999999999988,NA,765,61.5,TRUE,688,gsheets
2025-03-18,2025-03-19,handball,iceland,male,totals,Haukar,Grótta,under,1.9,0.66025,0.2544749999999999,NA,1140,59.5,TRUE,1026,gsheets
2025-03-18,2025-03-19,handball,iceland,male,totals,KA,FH,under,1.9,0.62725,0.19177499999999992,NA,1035,59.5,TRUE,931,gsheets
2025-03-18,2025-03-20,handball,iceland,female,totals,ÍR,Fram,under,1.9,0.62375,0.185125,NA,750,48.5,TRUE,675,gsheets
2025-03-18,2025-03-20,handball,iceland,female,totals,ÍR,Fram,under,1.85,0.67675,0.25198750000000003,NA,1200,49.5,TRUE,1020,gsheets
2025-03-20,2025-03-21,handball,iceland,female,totals,Grótta,Stjarnan,over,1.9,0.6365,0.2093499999999998,NA,945,48.5,TRUE,850,gsheets
2025-03-20,2025-03-21,handball,iceland,female,totals,Grótta,Stjarnan,over,1.85,0.68375,0.26493750000000005,NA,1950,47.5,TRUE,1658,gsheets
2025-03-25,2025-03-26,handball,iceland,male,handicap,FH,ÍR,home,1.9,0.60275,0.14522499999999994,NA,2115,-5.5,TRUE,1904,gsheets
2025-03-25,2025-03-26,handball,iceland,male,handicap,Valur,Haukar,away,1.9,0.585,0.11149999999999992,NA,1620,-2.5,TRUE,1458,gsheets
2025-03-25,2025-03-26,handball,iceland,male,handicap,Valur,Haukar,away,1.9,0.66275,0.2592249999999998,NA,3780,-3.5,TRUE,3402,gsheets
2025-03-25,2025-03-26,handball,iceland,male,outcome,FH,ÍR,home,1.18,0.9155,0.08028999999999992,NA,5850,NA,TRUE,1053,gsheets
2025-03-25,2025-03-26,handball,iceland,male,outcome,Fjölnir,KA,away,1.45,0.70925,0.02841250000000006,NA,825,NA,TRUE,371,gsheets
2025-03-25,2025-03-26,handball,iceland,male,outcome,Grótta,Afturelding,away,1.25,0.8295,0.03687500000000002,NA,1935,NA,TRUE,484,gsheets
2025-03-25,2025-03-26,handball,iceland,male,totals,FH,ÍR,under,1.9,0.58875,0.11862499999999998,NA,1725,64.5,TRUE,1552,gsheets
2025-03-25,2025-03-26,handball,iceland,male,totals,Fjölnir,KA,under,1.9,0.64475,0.22502500000000003,NA,3285,60.5,FALSE,-3285,gsheets
2025-03-25,2025-03-26,handball,iceland,male,totals,Grótta,Afturelding,under,1.9,0.63875,0.2136250000000001,NA,3120,59.5,TRUE,2808,gsheets
2025-03-25,2025-03-26,handball,iceland,male,totals,Grótta,Afturelding,under,1.9,0.696,0.3223999999999998,NA,4695,60.5,TRUE,4226,gsheets
2025-03-25,2025-03-26,handball,iceland,male,totals,Stjarnan,Fram,over,1.9,0.568,0.07919999999999983,NA,1155,61.5,FALSE,-1155,gsheets
2025-03-26,2025-03-27,handball,iceland,female,handicap,Fram,ÍBV,home,1.9,0.6265,0.1903499999999998,NA,2775,-5.5,TRUE,2498,gsheets
2025-03-26,2025-03-27,handball,iceland,female,handicap,Grótta,Valur,away,1.9,0.76125,0.44637499999999986,NA,6450,7.5,TRUE,5805,gsheets
2025-03-26,2025-03-27,handball,iceland,female,outcome,Fram,ÍBV,home,1.16,0.9085,0.05385999999999991,NA,5850,NA,TRUE,936,gsheets
2025-03-26,2025-03-27,handball,iceland,female,outcome,Grótta,Valur,away,1.08,0.97275,0.05057000000000007,NA,11250,NA,TRUE,900,gsheets
2025-03-26,2025-03-27,handball,iceland,female,totals,Grótta,Valur,over,1.91,0.568,0.08487999999999984,NA,1230,52.5,FALSE,-1230,gsheets
2025-03-26,2025-03-27,handball,iceland,female,totals,Haukar,ÍR,under,1.9,0.53825,0.022674999999999942,NA,330,49.5,TRUE,297,gsheets
2025-04-01,2025-04-04,handball,iceland,male,handicap,Fram,Haukar,away,1.9,0.5695,0.08204999999999996,NA,1935,-1.5,TRUE,1741,gsheets
2025-04-04,2025-04-04,handball,iceland,male,handicap,Selfoss,Víkingur,away,1.85,0.6155,0.1386750000000001,NA,3450,-3.5,TRUE,2933,gsheets
2025-04-01,2025-04-04,handball,iceland,male,outcome,Fram,Haukar,away,2.85,0.45175,0.2874875,NA,3300,NA,FALSE,-3300,gsheets
2025-04-01,2025-04-04,handball,iceland,male,totals,FH,HK,under,1.9,0.6265,0.1903499999999998,NA,4500,58.5,TRUE,4050,gsheets
2025-04-01,2025-04-04,handball,iceland,male,totals,Fram,Haukar,over,1.9,0.66475,0.26302499999999984,NA,6195,60.5,FALSE,-6195,gsheets
2025-04-04,2025-04-04,handball,iceland,male,totals,Grótta,Hörður,under,1.85,0.68175,0.2612375,NA,6525,59.5,FALSE,-6525,gsheets
2025-04-04,2025-04-04,handball,iceland,male,totals,Selfoss,Víkingur,under,1.85,0.5915,0.09427500000000012,NA,2355,59.5,TRUE,2002,gsheets
2025-04-01,2025-04-05,handball,iceland,male,outcome,Afturelding,ÍBV,home,1.5,0.71275,0.06912499999999999,NA,2925,NA,TRUE,1462,gsheets
2025-04-01,2025-04-05,handball,iceland,male,outcome,Valur,Stjarnan,home,1.25,0.81175,0.01468749999999996,NA,1275,NA,TRUE,319,gsheets
2025-04-01,2025-04-05,handball,iceland,male,totals,Afturelding,ÍBV,over,1.9,0.59175,0.12432499999999992,NA,2925,60.5,TRUE,2632,gsheets
2025-04-05,2025-04-05,handball,iceland,male,totals,Valur,Stjarnan,over,1.8,0.587,0.05659999999999998,NA,1500,59.5,FALSE,-1500,gsheets
2025-04-01,2025-04-05,handball,iceland,male,totals,Valur,Stjarnan,under,1.9,0.54825,0.04167499999999996,NA,975,61.5,TRUE,878,gsheets
2025-04-07,2025-04-07,handball,iceland,male,outcome,HK,FH,away,1.3,0.81825,0.06372500000000009,NA,4035,NA,TRUE,1210,gsheets
2025-04-07,2025-04-07,handball,iceland,male,outcome,HK,FH,under,1.9,0.601,0.14189999999999992,NA,3000,57.5,TRUE,2700,gsheets
2025-04-07,2025-04-07,handball,iceland,male,outcome,Haukar,Fram,home,1.85,0.56525,0.0457125000000001,NA,1020,NA,FALSE,-1020,gsheets
2025-04-07,2025-04-07,handball,iceland,male,outcome,Haukar,Fram,over,1.8,0.80725,0.45305000000000006,NA,10770,57.5,FALSE,-10770,gsheets
2025-04-07,2025-04-07,handball,iceland,male,totals,HK,FH,under,1.9,0.59125,0.123375,NA,525,26.5 (h),TRUE,472,gsheets
2025-04-07,2025-04-07,handball,iceland,male,totals,Haukar,Fram,over,1.9,0.7335,0.39365000000000006,NA,1665,28.5 (g),FALSE,-1665,gsheets
2025-04-07,2025-04-07,handball,iceland,male,totals,Haukar,Fram,over,1.9,0.7505,0.42594999999999983,NA,1800,29.5 (h),FALSE,-1800,gsheets
2025-04-08,2025-04-08,handball,iceland,male,handicap,Hörður,Grótta,home,1.85,0.564,0.04339999999999994,NA,975,1.5,FALSE,-975,gsheets
2025-04-08,2025-04-08,handball,iceland,male,handicap,Víkingur,Selfoss,home,1.85,0.61775,0.14283750000000006,NA,3195,1.5,TRUE,2716,gsheets
2025-04-07,2025-04-08,handball,iceland,male,outcome,Stjarnan,Valur,home,6.5,0.17275,0.12287499999999985,NA,420,NA,FALSE,-420,gsheets
2025-04-07,2025-04-08,handball,iceland,male,outcome,Stjarnan,Valur,over,1.9,0.68524,0.3019559999999999,NA,6345,56.5,TRUE,5710,gsheets
2025-04-08,2025-04-08,handball,iceland,male,outcome,Víkingur,Selfoss,home,2.55,0.498,0.2698999999999999,NA,1800,NA,FALSE,-1800,gsheets
2025-04-07,2025-04-08,handball,iceland,male,outcome,ÍBV,Afturelding,away,2.35,0.64175,0.5081125000000002,NA,7155,NA,TRUE,9659,gsheets
2025-04-07,2025-04-08,handball,iceland,male,outcome,ÍBV,Afturelding,away,1.68,0.74975,0.25958000000000003,NA,7260,-1.5,TRUE,4937,gsheets
2025-04-07,2025-04-08,handball,iceland,male,outcome,ÍBV,Afturelding,over,1.85,0.5855,0.08317500000000011,NA,1860,60.5,FALSE,-1860,gsheets
2025-04-07,2025-04-08,handball,iceland,male,totals,Stjarnan,Valur,over,1.8,0.72575,0.30635,NA,1455,25.5 (h),TRUE,1164,gsheets
2025-04-07,2025-04-08,handball,iceland,male,totals,Stjarnan,Valur,over,1.9,0.62525,0.1879749999999999,NA,795,30.5 (g),TRUE,715,gsheets
2025-04-08,2025-04-08,handball,iceland,male,totals,Víkingur,Selfoss,under,1.85,0.57575,0.06513750000000001,NA,1455,58.5,FALSE,-1455,gsheets
2025-04-07,2025-04-08,handball,iceland,male,totals,ÍBV,Afturelding,over,1.95,0.6465,0.2606749999999999,NA,1050,30.5 (g),FALSE,-1050,gsheets
2025-04-07,2025-04-08,handball,iceland,male,totals,ÍBV,Afturelding,under,1.77,0.67325,0.1916525,NA,945,31.5 (h),TRUE,728,gsheets
2025-04-15,2025-04-15,handball,iceland,female,handicap,Haukar,ÍBV,away,1.9,0.768,0.45919999999999994,NA,4500,-6.5,TRUE,4050,gsheets
2025-04-15,2025-04-15,handball,iceland,female,outcome,Haukar,ÍBV,away,11,0.304,2.3440000000000003,NA,1500,NA,FALSE,-1500,gsheets
2025-04-15,2025-04-15,handball,iceland,female,totals,Haukar,ÍBV,under,1.9,0.59325,0.12717500000000004,NA,2700,50.5,TRUE,2430,gsheets
2025-04-15,2025-04-15,handball,iceland,female,totals,Selfoss,ÍR,over,1.9,0.54475,0.03502499999999986,NA,750,46.5,TRUE,675,gsheets
2025-04-15,2025-04-16,handball,iceland,male,outcome,FH,Fram,away,2.65,0.44975,0.19183749999999988,NA,1500,NA,TRUE,2475,gsheets
2025-04-15,2025-04-16,handball,iceland,male,totals,FH,Fram,over,1.9,0.55775,0.05972499999999992,NA,1260,56.5,FALSE,-1260,gsheets
2025-04-16,2025-04-17,handball,iceland,male,handicap,Grótta,Selfoss,away,1.85,0.77375,0.43143750000000014,NA,1500,-3.5,FALSE,-1500,gsheets
2025-04-16,2025-04-17,handball,iceland,male,outcome,Grótta,Selfoss,away,4,0.52575,1.1030000000000002,NA,750,NA,FALSE,-750,gsheets
2025-04-16,2025-04-17,handball,iceland,male,totals,Grótta,Selfoss,under,1.85,0.8045,0.488325,NA,3000,59.5,FALSE,-3000,gsheets
2025-04-16,2025-04-17,handball,iceland,male,totals,Valur,Afturelding,under,1.9,0.74475,0.415025,NA,7500,59.5,TRUE,6750,gsheets
2025-04-21,2025-04-21,handball,iceland,male,handicap,Fram,FH,away,1.67,0.7195,0.201565,NA,1500,-1.5,FALSE,-1500,gsheets
2025-04-21,2025-04-21,handball,iceland,male,outcome,Fram,FH,away,2.35,0.60375,0.4188125,NA,1500,NA,FALSE,-1500,gsheets
2025-04-21,2025-04-21,handball,iceland,male,totals,Fram,FH,under,1.9,0.797,0.5143,NA,3750,57.5,TRUE,3375,gsheets
2025-04-21,2025-04-22,handball,iceland,male,handicap,Afturelding,Valur,away,1.66,0.63625,0.05617499999999992,NA,1500,-1.5,FALSE,-1500,gsheets
2025-04-21,2025-04-22,handball,iceland,male,outcome,Afturelding,Valur,away,2.4,0.50875,0.22100000000000009,NA,1500,NA,FALSE,-1500,gsheets
2025-04-21,2025-04-22,handball,iceland,male,outcome,Selfoss,ÍR,home,1.95,0.54575,0.0642124999999999,NA,1290,NA,FALSE,-1290,gsheets
2025-04-21,2025-04-22,handball,iceland,male,totals,Afturelding,Valur,under,1.9,0.66475,0.26302499999999984,NA,3000,58.5,TRUE,2700,gsheets
2025-04-21,2025-04-22,handball,iceland,male,totals,Afturelding,Valur,under,1.65,0.6465,0.06672499999999987,NA,390,29.5 (g),TRUE,254,gsheets
2025-04-21,2025-04-22,handball,iceland,male,totals,Afturelding,Valur,under,1.65,0.81375,0.3426874999999999,NA,2010,30.5 (h),FALSE,-2010,gsheets
2025-04-21,2025-04-22,handball,iceland,male,totals,Selfoss,ÍR,under,1.9,0.583,0.10769999999999992,NA,2280,48.5,TRUE,2052,gsheets
2025-09-10,2025-09-11,handball,iceland,male,handicap,HK,Afturelding,away,1.95,0.584,0.13879999999999992,NA,495,2.5,TRUE,470,gsheets
2025-09-10,2025-09-11,handball,iceland,male,outcome,HK,Afturelding,away,1.55,0.734,0.1377,NA,840,NA,TRUE,462,gsheets
2025-09-10,2025-09-11,handball,iceland,male,totals,ÍR,Selfoss,over,1.9,0.67575,0.28392499999999987,NA,1065,60.5,TRUE,958,gsheets
2025-09-10,2025-09-12,handball,iceland,male,handicap,KA,Haukar,away,1.9,0.608,0.1551999999999999,NA,585,1.5,FALSE,-585,gsheets
2025-09-10,2025-09-12,handball,iceland,male,outcome,KA,Haukar,away,1.75,0.67875,0.1878124999999999,NA,840,NA,TRUE,630,gsheets
2025-09-12,2025-09-12,handball,iceland,male,totals,Víkingur,Fjölnir,under,1.85,0.72675,0.34448750000000006,NA,1365,58.5,FALSE,-1365,gsheets
2025-09-10,2025-09-12,handball,iceland,male,totals,ÍBV,Stjarnan,over,1.85,0.60775,0.1243375000000001,NA,495,58.5,TRUE,421,gsheets
2025-09-10,2025-09-13,handball,iceland,male,handicap,Fram,Þór,home,1.85,0.8355,0.5456750000000001,NA,2175,-3.5,TRUE,1849,gsheets
2025-09-10,2025-09-13,handball,iceland,male,outcome,Fram,Þór,home,1.4,0.934,0.3076,NA,2595,NA,TRUE,1038,gsheets
2025-09-10,2025-09-13,handball,iceland,male,totals,Fram,Þór,over,1.9,0.763,0.4497,NA,1695,57.5,TRUE,1525,gsheets
2025-09-17,2025-09-18,handball,iceland,male,handicap,Afturelding,KA,home,1.9,0.757,0.4382999999999999,NA,2085,-2.5,TRUE,1876,gsheets
2025-09-17,2025-09-18,handball,iceland,male,handicap,FH,ÍBV,home,2.2,0.69575,0.5306500000000001,NA,1890,-1.5,TRUE,2268,gsheets
2025-09-17,2025-09-18,handball,iceland,male,handicap,Haukar,ÍR,home,1.9,0.7355,0.39745,NA,1890,-4.5,TRUE,1701,gsheets
2025-09-17,2025-09-18,handball,iceland,male,outcome,Afturelding,KA,home,1.5,0.86875,0.30312500000000003,NA,2580,NA,TRUE,1290,gsheets
2025-09-17,2025-09-18,handball,iceland,male,outcome,FH,ÍBV,home,1.95,0.76075,0.4834625,NA,2175,NA,TRUE,2066,gsheets
2025-09-17,2025-09-18,handball,iceland,male,outcome,Haukar,ÍR,home,1.33,0.914,0.2156200000000001,NA,2790,NA,TRUE,921,gsheets
2025-09-17,2025-09-19,handball,iceland,male,handicap,Selfoss,Fram,away,1.95,0.6745,0.31527499999999997,NA,1410,3.5,FALSE,-1410,gsheets
2025-09-17,2025-09-19,handball,iceland,male,handicap,Þór,Valur,away,1.9,0.641,0.2179,NA,1035,3.5,FALSE,-1035,gsheets
2025-09-17,2025-09-19,handball,iceland,male,outcome,Selfoss,Fram,away,1.4,0.848,0.18719999999999987,NA,1995,NA,FALSE,-1995,gsheets
2025-09-17,2025-09-19,handball,iceland,male,outcome,Þór,Valur,away,1.4,0.819,0.14659999999999984,NA,1560,NA,TRUE,624,gsheets
2025-09-17,2025-09-19,handball,iceland,male,totals,Selfoss,Fram,over,1.9,0.66525,0.26397499999999996,NA,1245,61.5,TRUE,1120,gsheets
2025-09-17,2025-09-19,handball,iceland,male,totals,Stjarnan,HK,under,1.9,0.58975,0.120525,NA,570,58.5,TRUE,513,gsheets
2025-09-17,2025-09-19,handball,iceland,male,totals,Þór,Valur,over,1.9,0.64575,0.22692500000000004,NA,1080,58.5,FALSE,-1080,gsheets
2025-09-23,2025-09-24,handball,iceland,female,handicap,Selfoss,KA/Þór,home,2.3,0.60825,0.39897499999999975,NA,2385,-1.5,FALSE,-2385,gsheets
2025-09-23,2025-09-24,handball,iceland,female,handicap,ÍR,Valur,home,1.9,0.70925,0.3475750000000001,NA,3000,5.5,FALSE,-3000,gsheets
2025-09-23,2025-09-24,handball,iceland,female,outcome,Selfoss,KA/Þór,home,1.9,0.67325,0.27917499999999995,NA,2415,NA,FALSE,-2415,gsheets
2025-09-23,2025-09-24,handball,iceland,female,outcome,ÍR,Valur,home,5.5,0.306,0.683,NA,1185,NA,FALSE,-1185,gsheets
2025-09-23,2025-09-24,handball,iceland,female,totals,Selfoss,KA/Þór,over,1.85,0.68125,0.26031250000000006,NA,2385,48.5,TRUE,2027,gsheets
2025-09-23,2025-09-24,handball,iceland,female,totals,ÍR,Valur,over,1.9,0.5695,0.08204999999999996,NA,705,49.5,TRUE,634,gsheets
2025-09-25,2025-09-25,handball,iceland,female,totals,Grótta,HK,over,1.85,0.76375,0.4129375000000002,NA,1155,45.5,TRUE,982,gsheets
2025-09-23,2025-09-25,handball,iceland,male,handicap,Fram,Haukar,home,1.74,0.67375,0.17232499999999995,NA,1815,1.5,FALSE,-1815,gsheets
2025-09-25,2025-09-25,handball,iceland,male,handicap,Fram,Haukar,home,1.8,0.5905,0.06290000000000007,NA,60,0.5,FALSE,-60,gsheets
2025-09-23,2025-09-25,handball,iceland,male,handicap,Valur,Selfoss,home,1.9,0.694,0.3185999999999999,NA,2745,-4.5,TRUE,2471,gsheets
2025-09-23,2025-09-25,handball,iceland,male,handicap,ÍR,Afturelding,away,1.95,0.6965,0.358175,NA,2925,4.5,FALSE,-2925,gsheets
2025-09-25,2025-09-25,handball,iceland,male,handicap,ÍR,Afturelding,away,1.85,0.61825,0.14376250000000002,NA,135,5.5,FALSE,-135,gsheets
2025-09-23,2025-09-25,handball,iceland,male,outcome,Fram,Haukar,home,2.5,0.519,0.2975,NA,1545,NA,FALSE,-1545,gsheets
2025-09-23,2025-09-25,handball,iceland,male,outcome,Valur,Selfoss,home,1.3,0.90525,0.1768250000000001,NA,4575,NA,TRUE,1372,gsheets
2025-09-23,2025-09-25,handball,iceland,male,outcome,ÍR,Afturelding,away,1.33,0.90425,0.20265250000000007,NA,4770,NA,TRUE,1574,gsheets
2025-09-23,2025-09-25,handball,iceland,male,totals,Fram,Haukar,over,1.9,0.656,0.24639999999999995,NA,2130,61.5,FALSE,-2130,gsheets
2025-09-25,2025-09-25,handball,iceland,male,totals,Fram,Haukar,over,1.85,0.70675,0.3074875,NA,270,60.5,FALSE,-270,gsheets
2025-09-25,2025-09-25,handball,iceland,male,totals,Fram,Haukar,over,1.73,0.761,0.31653,NA,508,59.5,FALSE,-508,gsheets
2025-09-23,2025-09-25,handball,iceland,male,totals,Valur,Selfoss,over,1.9,0.582,0.1057999999999999,NA,915,60.5,FALSE,-915,gsheets
2025-09-25,2025-09-25,handball,iceland,male,totals,Valur,Selfoss,over,1.85,0.63675,0.17798750000000008,NA,165,59.5,FALSE,-165,gsheets
2025-09-23,2025-09-25,handball,iceland,male,totals,ÍR,Afturelding,over,1.85,0.639,0.18215000000000003,NA,1665,62.5,TRUE,1415,gsheets
2025-09-25,2025-09-26,handball,iceland,male,handicap,HK,KA,home,2.3,0.51225,0.17817499999999986,NA,1065,-1.5,FALSE,-1065,gsheets
2025-09-25,2025-09-26,handball,iceland,male,handicap,HK,KA,home,1.95,0.59325,0.15683750000000007,NA,120,-0.5,FALSE,-120,gsheets
2025-09-25,2025-09-26,handball,iceland,male,handicap,Stjarnan,FH,away,1.9,0.646,0.2273999999999999,NA,1965,2.5,FALSE,-1965,gsheets
2025-09-25,2025-09-26,handball,iceland,male,outcome,HK,KA,home,1.9,0.59325,0.12717500000000004,NA,1095,NA,FALSE,-1095,gsheets
2025-09-25,2025-09-26,handball,iceland,male,outcome,Stjarnan,FH,away,1.5,0.78725,0.180875,NA,2805,NA,FALSE,-2805,gsheets
2025-09-25,2025-09-26,handball,iceland,male,totals,HK,KA,over,1.9,0.574,0.0905999999999999,NA,780,58.5,FALSE,-780,gsheets
2025-09-25,2025-09-26,handball,iceland,male,totals,HK,KA,under,1.85,0.55425,0.02536250000000006,NA,30,60.5,TRUE,26,gsheets
2025-09-25,2025-09-26,handball,iceland,male,totals,Stjarnan,FH,under,1.9,0.7815,0.4848499999999999,NA,4065,60.5,TRUE,3658,gsheets
2025-09-25,2025-09-26,handball,iceland,male,totals,Stjarnan,FH,under,1.85,0.73625,0.3620624999999999,NA,330,59.5,TRUE,280,gsheets
2025-09-25,2025-09-27,handball,iceland,male,handicap,ÍBV,Þór,home,1.9,0.66725,0.267775,NA,2310,-3.5,TRUE,2079,gsheets
2025-09-25,2025-09-27,handball,iceland,male,outcome,ÍBV,Þór,home,1.4,0.84625,0.18474999999999983,NA,3585,NA,TRUE,1434,gsheets
2025-09-25,2025-09-27,handball,iceland,male,totals,ÍBV,Þór,over,1.9,0.56575,0.07492499999999991,NA,645,60.5,FALSE,-645,gsheets
2025-09-25,2025-09-27,handball,iceland,male,totals,ÍBV,Þór,over,1.9,0.626,0.1893999999999999,NA,1635,59.5,FALSE,-1635,gsheets
2025-10-01,2025-10-01,handball,iceland,female,handicap,Stjarnan,Valur,away,1.9,0.7075,0.34424999999999994,NA,1965,6.5,TRUE,1768,gsheets
2025-10-01,2025-10-01,handball,iceland,female,handicap,ÍBV,Selfoss,away,1.9,0.5825,0.10675,NA,615,-3.5,FALSE,-615,gsheets
2025-10-01,2025-10-01,handball,iceland,female,outcome,Stjarnan,Valur,away,1.14,0.9435,0.07558999999999991,NA,2775,NA,TRUE,388,gsheets
2025-10-01,2025-10-01,handball,iceland,female,outcome,ÍBV,Selfoss,away,4.75,0.322,0.5295000000000001,NA,720,NA,FALSE,-720,gsheets
2025-10-01,2025-10-01,handball,iceland,female,totals,ÍBV,Selfoss,over,1.9,0.604,0.14759999999999995,NA,840,53.5,FALSE,-840,gsheets
2025-10-01,2025-10-02,handball,iceland,male,handicap,Afturelding,Fram,home,2.3,0.574,0.3201999999999998,NA,1260,-1.5,TRUE,1638,gsheets
2025-10-02,2025-10-02,handball,iceland,male,handicap,FH,HK,home,2.05,0.66825,0.36991249999999987,NA,1815,-3.5,FALSE,-1815,gsheets
2025-10-01,2025-10-02,handball,iceland,male,handicap,Haukar,Valur,home,2.3,0.575,0.3224999999999998,NA,1275,-1.5,TRUE,1657,gsheets
2025-10-02,2025-10-02,handball,iceland,male,handicap,KA,ÍR,home,1.95,0.64775,0.2631125000000001,NA,1425,-2.5,TRUE,1354,gsheets
2025-10-02,2025-10-02,handball,iceland,male,handicap,Selfoss,ÍBV,home,1.95,0.6745,0.31527499999999997,NA,1710,3.5,TRUE,1624,gsheets
2025-10-01,2025-10-02,handball,iceland,male,handicap,Þór,Stjarnan,home,2,0.58975,0.1795,NA,930,1.5,TRUE,930,gsheets
2025-10-01,2025-10-02,handball,iceland,male,outcome,Afturelding,Fram,home,2.05,0.65675,0.34633749999999974,NA,1695,NA,TRUE,1780,gsheets
2025-10-02,2025-10-02,handball,iceland,male,outcome,FH,HK,home,1.4,0.84825,0.18754999999999983,NA,2415,NA,FALSE,-2415,gsheets
2025-10-01,2025-10-02,handball,iceland,male,outcome,Haukar,Valur,home,2.05,0.64625,0.32481249999999984,NA,1590,NA,TRUE,1669,gsheets
2025-10-02,2025-10-02,handball,iceland,male,outcome,KA,ÍR,home,1.55,0.7825,0.212875,NA,1995,NA,TRUE,1097,gsheets
2025-10-02,2025-10-02,handball,iceland,male,outcome,Selfoss,ÍBV,home,4.75,0.35975,0.7088125000000001,NA,975,NA,TRUE,3656,gsheets
2025-10-01,2025-10-02,handball,iceland,male,outcome,Þór,Stjarnan,home,3.1,0.43075,0.3353250000000001,NA,825,NA,FALSE,-825,gsheets
2025-10-01,2025-10-02,handball,iceland,male,totals,Afturelding,Fram,over,1.9,0.645,0.22549999999999992,NA,1290,60.5,TRUE,1161,gsheets
2025-10-02,2025-10-02,handball,iceland,male,totals,FH,HK,under,1.9,0.7495,0.42405,NA,2430,58.5,FALSE,-2430,gsheets
2025-10-01,2025-10-02,handball,iceland,male,totals,Haukar,Valur,under,1.9,0.59275,0.12622499999999992,NA,720,61.5,TRUE,648,gsheets
2025-10-02,2025-10-02,handball,iceland,male,totals,KA,ÍR,over,1.9,0.70175,0.33332499999999987,NA,1905,63.5,TRUE,1714,gsheets
2025-10-02,2025-10-02,handball,iceland,male,totals,Selfoss,ÍBV,over,1.9,0.6585,0.2511499999999999,NA,1440,59.5,TRUE,1296,gsheets
2025-10-01,2025-10-02,handball,iceland,male,totals,Þór,Stjarnan,under,1.9,0.60775,0.154725,NA,885,58.5,FALSE,-885,gsheets
2025-10-03,2025-10-04,handball,iceland,female,handicap,Fram,ÍR,away,1.9,0.5615,0.066849999999999965,NA,495,-5.5,TRUE,445,gsheets
2025-10-03,2025-10-04,handball,iceland,female,handicap,KA/Þór,Haukar,away,2.05,0.6045,0.239225,NA,1500,1.5,TRUE,1575,gsheets
2025-10-03,2025-10-04,handball,iceland,female,outcome,Fram,ÍR,home,1.35,0.77625,0.04793750000000008,NA,900,NA,TRUE,315,gsheets
2025-10-03,2025-10-04,handball,iceland,female,outcome,KA/Þór,Haukar,away,1.8,0.6685,0.20330000000000004,NA,1680,NA,TRUE,1344,gsheets
2025-10-03,2025-10-04,handball,iceland,female,totals,Fram,ÍR,under,1.9,0.60775,0.154725,NA,1140,54.5,TRUE,1026,gsheets
2025-10-03,2025-10-04,handball,iceland,female,totals,KA/Þór,Haukar,under,1.85,0.80875,0.4961875,NA,3855,54.5,TRUE,3277,gsheets
2025-10-05,2025-10-05,handball,iceland,male,outcome,ÍR,Þór,home,1.9,0.541,0.02790000000000003,NA,210,NA,TRUE,189,gsheets
2025-10-05,2025-10-05,handball,iceland,male,totals,ÍR,Þór,over,1.9,0.742,0.40979999999999994,NA,3000,61.5,TRUE,2700,gsheets
2025-10-05,2025-10-06,handball,iceland,male,handicap,Afturelding,ÍBV,home,2.25,0.78125,0.7578125,NA,4005,-1.5,TRUE,5006,gsheets
2025-10-05,2025-10-06,handball,iceland,male,handicap,Fjölnir,Stjarnan,home,1.9,0.7385,0.40315,NA,2955,7.5,TRUE,2660,gsheets
2025-10-05,2025-10-06,handball,iceland,male,handicap,Grótta,FH,home,1.9,0.7835,0.4886499999999999,NA,3585,7.5,TRUE,3226,gsheets
2025-10-05,2025-10-06,handball,iceland,male,handicap,HK,Selfoss,home,1.9,0.56175,0.06732499999999986,NA,495,-1.5,TRUE,445,gsheets
2025-10-05,2025-10-06,handball,iceland,male,handicap,Haukar,Valur,home,2.05,0.671,0.37554999999999994,NA,2355,-1.5,FALSE,-2355,gsheets
2025-10-05,2025-10-06,handball,iceland,male,handicap,Víkingur,Fram,home,1.95,0.80225,0.5643875,NA,3915,5.5,TRUE,3719,gsheets
2025-10-05,2025-10-06,handball,iceland,male,outcome,Afturelding,ÍBV,home,2.05,0.83275,0.7071374999999999,NA,4440,NA,TRUE,4662,gsheets
2025-10-05,2025-10-06,handball,iceland,male,outcome,Fjölnir,Stjarnan,home,9.5,0.16625,0.579375,NA,450,NA,TRUE,3825,gsheets
2025-10-05,2025-10-06,handball,iceland,male,outcome,Grótta,FH,home,9.5,0.198,0.881,NA,690,NA,FALSE,-690,gsheets
2025-10-05,2025-10-06,handball,iceland,male,outcome,HK,Selfoss,home,1.7,0.64225,0.09182499999999992,NA,870,NA,TRUE,609,gsheets
2025-10-05,2025-10-06,handball,iceland,male,outcome,Haukar,Valur,home,1.8,0.732,0.3176,NA,2625,NA,FALSE,-2625,gsheets
2025-10-05,2025-10-06,handball,iceland,male,outcome,Víkingur,Fram,home,7,0.3405,1.3835000000000002,NA,1515,NA,FALSE,-1515,gsheets
2025-10-05,2025-10-06,handball,iceland,male,totals,Afturelding,ÍBV,over,1.9,0.5675,0.07824999999999993,NA,570,61.5,FALSE,-570,gsheets
2025-10-05,2025-10-06,handball,iceland,male,totals,Fjölnir,Stjarnan,under,1.9,0.75125,0.42737499999999984,NA,3135,62.5,FALSE,-3135,gsheets
2025-10-05,2025-10-06,handball,iceland,male,totals,Grótta,FH,under,1.9,0.783,0.4877,NA,3570,61.5,FALSE,-3570,gsheets
2025-10-05,2025-10-06,handball,iceland,male,totals,Víkingur,Fram,under,1.9,0.5515,0.04784999999999995,NA,345,63.5,FALSE,-345,gsheets
2025-10-07,2025-10-08,handball,iceland,female,handicap,Haukar,ÍBV,home,2,0.57025,0.14050000000000007,NA,1170,-3.5,FALSE,-1170,gsheets
2025-10-07,2025-10-08,handball,iceland,female,handicap,Valur,Fram,home,1.9,0.69975,0.32952499999999996,NA,3060,-1.5,TRUE,2754,gsheets
2025-10-07,2025-10-08,handball,iceland,female,handicap,ÍR,KA/Þór,home,2.25,0.7135,0.605375,NA,4050,-1.5,FALSE,-4050,gsheets
2025-10-07,2025-10-08,handball,iceland,female,outcome,Haukar,ÍBV,home,1.45,0.76275,0.1059875,NA,1965,NA,FALSE,-1965,gsheets
2025-10-07,2025-10-08,handball,iceland,female,outcome,Valur,Fram,home,1.7,0.7615,0.29454999999999987,NA,3510,NA,TRUE,2457,gsheets
2025-10-07,2025-10-08,handball,iceland,female,outcome,ÍR,KA/Þór,home,1.95,0.76575,0.49321250000000005,NA,4335,NA,TRUE,4118,gsheets
2025-10-07,2025-10-08,handball,iceland,female,totals,Haukar,ÍBV,under,1.9,0.6275,0.1922499999999998,NA,1785,53.5,TRUE,1606,gsheets
2025-10-07,2025-10-08,handball,iceland,female,totals,Valur,Fram,over,1.9,0.63275,0.202225,NA,1875,54.5,FALSE,-1875,gsheets
2025-10-07,2025-10-08,handball,iceland,female,totals,ÍR,KA/Þór,under,1.9,0.65525,0.24497499999999992,NA,2280,51.5,FALSE,-2280,gsheets
2025-10-07,2025-10-09,handball,iceland,female,handicap,Selfoss,Stjarnan,home,2.15,0.49025,0.05403750000000007,NA,390,-1.5,FALSE,-390,gsheets
2025-10-07,2025-10-09,handball,iceland,female,outcome,Selfoss,Stjarnan,home,1.9,0.5605,0.06494999999999995,NA,600,NA,FALSE,-600,gsheets
2025-10-07,2025-10-09,handball,iceland,female,totals,Selfoss,Stjarnan,over,1.9,0.60925,0.1575749999999999,NA,1470,54.5,FALSE,-1470,gsheets
2025-10-08,2025-10-09,handball,iceland,male,handicap,FH,Þór,home,1.9,0.7475,0.42025,NA,3900,-3.5,FALSE,-3900,gsheets
2025-10-08,2025-10-09,handball,iceland,male,handicap,Valur,Afturelding,away,1.6,0.653,0.04480000000000012,NA,630,-1.5,FALSE,-630,gsheets
2025-10-07,2025-10-09,handball,iceland,male,outcome,FH,Þór,home,1.4,0.89575,0.25405,NA,5310,NA,FALSE,-5310,gsheets
2025-10-08,2025-10-09,handball,iceland,male,outcome,Valur,Afturelding,away,2.35,0.49,0.15149999999999997,NA,945,NA,FALSE,-945,gsheets
2025-10-07,2025-10-09,handball,iceland,male,totals,FH,Þór,under,1.9,0.63025,0.19747499999999985,NA,1830,58.5,FALSE,-1830,gsheets
2025-10-08,2025-10-09,handball,iceland,male,totals,Valur,Afturelding,over,1.9,0.53625,0.01887499999999997,NA,180,60.5,FALSE,-180,gsheets
2025-10-08,2025-10-10,handball,iceland,male,handicap,Fram,KA,home,2.2,0.68925,0.5163500000000002,NA,3600,-1.5,FALSE,-3600,gsheets
2025-10-08,2025-10-10,handball,iceland,male,handicap,HK,ÍR,home,1.9,0.58475,0.11102499999999992,NA,1035,-2.5,FALSE,-1035,gsheets
2025-10-08,2025-10-10,handball,iceland,male,handicap,ÍBV,Haukar,away,1.57,0.80625,0.26581250000000006,NA,3900,-1.5,TRUE,2223,gsheets
2025-10-07,2025-10-10,handball,iceland,male,outcome,Fram,KA,home,1.75,0.76775,0.3435625000000001,NA,3825,NA,FALSE,-3825,gsheets
2025-10-07,2025-10-10,handball,iceland,male,outcome,HK,ÍR,home,1.5,0.73975,0.10962500000000004,NA,1830,NA,TRUE,915,gsheets
2025-10-07,2025-10-10,handball,iceland,male,outcome,ÍBV,Haukar,away,2.45,0.6785,0.662325,NA,3810,NA,TRUE,5525,gsheets
2025-10-07,2025-10-10,handball,iceland,male,totals,Fram,KA,over,1.9,0.82075,0.5594249999999998,NA,5190,59.5,TRUE,4671,gsheets
2025-10-07,2025-10-10,handball,iceland,male,totals,HK,ÍR,over,1.9,0.60975,0.15852500000000003,NA,1470,63.5,FALSE,-1470,gsheets
2025-10-07,2025-10-10,handball,iceland,male,totals,ÍBV,Haukar,over,1.9,0.65325,0.24117499999999992,NA,2235,59.5,TRUE,2011,gsheets
2025-10-23,2025-10-23,handball,iceland,male,handicap,Valur,ÍR,home,1.9,0.683,0.2977000000000001,NA,2760,-5.5,FALSE,-2760,gsheets
2025-10-23,2025-10-23,handball,iceland,male,handicap,Þór,Selfoss,home,2.3,0.4685,0.07755000000000001,NA,495,-1.5,TRUE,643,gsheets
2025-10-23,2025-10-23,handball,iceland,male,outcome,FH,Haukar,home,2.4,0.4345,0.04279999999999995,NA,255,NA,TRUE,357,gsheets
2025-10-23,2025-10-23,handball,iceland,male,outcome,Valur,ÍR,home,1.24,0.92,0.14080000000000004,NA,4890,NA,TRUE,1174,gsheets
2025-10-23,2025-10-23,handball,iceland,male,outcome,Þór,Selfoss,home,2.1,0.5475,0.14975000000000005,NA,1140,NA,TRUE,1254,gsheets
2025-10-23,2025-10-23,handball,iceland,male,totals,FH,Haukar,under,1.9,0.73775,0.401725,NA,3720,60.5,TRUE,3348,gsheets
2025-10-23,2025-10-23,handball,iceland,male,totals,Valur,ÍR,over,1.9,0.62275,0.18322499999999997,NA,1695,64.5,TRUE,1525,gsheets
2025-10-23,2025-10-23,handball,iceland,male,totals,Þór,Selfoss,under,1.9,0.554,0.05260000000000003,NA,480,58.5,TRUE,432,gsheets
2025-10-23,2025-10-24,handball,iceland,male,handicap,Stjarnan,Afturelding,away,1.85,0.64975,0.2020375000000002,NA,1980,1.5,TRUE,1683,gsheets
2025-10-23,2025-10-24,handball,iceland,male,outcome,Stjarnan,Afturelding,away,1.65,0.723,0.1929499999999999,NA,2475,NA,TRUE,1609,gsheets
2025-10-23,2025-10-24,handball,iceland,male,totals,Stjarnan,Afturelding,under,1.9,0.658,0.2502,NA,2325,60.5,FALSE,-2325,gsheets
2025-10-25,2025-10-25,handball,iceland,female,handicap,Fram,KA/Þór,home,1.95,0.7495,0.4615250000000001,NA,4050,-3.5,FALSE,-4050,gsheets
2025-10-25,2025-10-25,handball,iceland,female,handicap,Haukar,Stjarnan,home,1.9,0.783,0.4877,NA,4515,-4.5,TRUE,4063,gsheets
2025-10-25,2025-10-25,handball,iceland,female,handicap,Valur,ÍBV,home,1.9,0.79725,0.514775,NA,4770,-3.5,FALSE,-4770,gsheets
2025-10-25,2025-10-25,handball,iceland,female,handicap,ÍR,Selfoss,home,1.9,0.62825,0.19367499999999993,NA,1800,-1.5,TRUE,1620,gsheets
2025-10-25,2025-10-25,handball,iceland,female,outcome,Fram,KA/Þór,home,1.4,0.8825,0.23549999999999988,NA,4905,NA,FALSE,-4905,gsheets
2025-10-25,2025-10-25,handball,iceland,female,outcome,Haukar,Stjarnan,home,1.28,0.9285,0.18848000000000004,NA,5610,NA,TRUE,1571,gsheets
2025-10-25,2025-10-25,handball,iceland,female,outcome,Valur,ÍBV,home,1.33,0.906,0.2049800000000001,NA,5175,NA,TRUE,1708,gsheets
2025-10-25,2025-10-25,handball,iceland,female,outcome,ÍR,Selfoss,home,1.65,0.69175,0.1413874999999999,NA,1815,NA,TRUE,1180,gsheets
2025-10-25,2025-10-25,handball,iceland,female,totals,Fram,KA/Þór,under,1.9,0.72425,0.3760749999999998,NA,3480,54.5,FALSE,-3480,gsheets
2025-10-25,2025-10-25,handball,iceland,female,totals,Haukar,Stjarnan,over,1.9,0.6245,0.1865500000000001,NA,1725,50.5,TRUE,1552,gsheets
2025-10-25,2025-10-25,handball,iceland,female,totals,ÍR,Selfoss,over,1.8,0.72,0.29599999999999993,NA,3090,50.5,TRUE,2472,gsheets
2025-10-23,2025-10-25,handball,iceland,male,handicap,HK,Fram,away,2.25,0.6115,0.37587500000000007,NA,2505,1.5,TRUE,3131,gsheets
2025-10-23,2025-10-25,handball,iceland,male,handicap,ÍBV,KA,home,1.9,0.84275,0.6012249999999999,NA,5565,1.5,TRUE,5008,gsheets
2025-10-25,2025-10-25,handball,iceland,male,outcome,Fram,KA/Þór,home,1.39,0.89825,0.24856749999999989,NA,768,NA,FALSE,-768,gsheets
2025-10-23,2025-10-25,handball,iceland,male,outcome,HK,Fram,away,1.9,0.682,0.29580000000000006,NA,2745,NA,TRUE,2471,gsheets
2025-10-25,2025-10-25,handball,iceland,male,outcome,Haukar,Stjarnan,home,1.2,0.93975,0.12769999999999992,NA,769,NA,TRUE,154,gsheets
2025-10-23,2025-10-25,handball,iceland,male,outcome,ÍBV,KA,home,1.75,0.7315,0.28012500000000007,NA,3120,NA,TRUE,2340,gsheets
2025-10-23,2025-10-25,handball,iceland,male,totals,HK,Fram,over,1.9,0.62775,0.19272500000000004,NA,1785,59.5,TRUE,1606,gsheets
2025-10-23,2025-10-25,handball,iceland,male,totals,ÍBV,KA,over,1.9,0.67175,0.2763249999999998,NA,2565,60.5,TRUE,2308,gsheets
2025-10-29,2025-10-29,handball,iceland,female,handicap,FH,Stjarnan,home,1.85,0.6545,0.21082500000000004,NA,1560,6.5,TRUE,1326,gsheets
2025-10-29,2025-10-29,handball,iceland,female,handicap,HK,Fram,home,1.95,0.533,0.03934999999999999,NA,255,4.5,FALSE,-255,gsheets
2025-10-29,2025-10-29,handball,iceland,female,handicap,KA/Þór,Selfoss,home,2.05,0.703,0.4411499999999998,NA,2640,-1.5,TRUE,2772,gsheets
2025-10-29,2025-10-29,handball,iceland,female,handicap,Víkingur,Fjölnir,home,1.85,0.72975,0.3500375000000001,NA,2595,-4.5,FALSE,-2595,gsheets
2025-10-29,2025-10-29,handball,iceland,female,outcome,FH,Stjarnan,home,8.5,0.19825,0.6851250000000002,NA,570,NA,TRUE,4275,gsheets
2025-10-29,2025-10-29,handball,iceland,female,outcome,HK,Fram,home,5.5,0.2225,0.22375,NA,315,NA,FALSE,-315,gsheets
2025-10-29,2025-10-29,handball,iceland,female,outcome,KA/Þór,Selfoss,home,1.8,0.7635,0.3743,NA,2955,NA,TRUE,2364,gsheets
2025-10-29,2025-10-29,handball,iceland,female,outcome,Víkingur,Fjölnir,home,1.22,0.90325,0.10196499999999996,NA,2925,NA,TRUE,643,gsheets
2025-10-29,2025-10-29,handball,iceland,female,totals,FH,Stjarnan,under,1.9,0.555,0.05450000000000005,NA,375,50.5,TRUE,338,gsheets
2025-10-29,2025-10-29,handball,iceland,female,totals,HK,Fram,over,1.9,0.6535,0.24164999999999992,NA,1695,49.5,TRUE,1525,gsheets
2025-10-29,2025-10-29,handball,iceland,female,totals,KA/Þór,Selfoss,over,1.85,0.60175,0.1132375000000001,NA,840,52.5,TRUE,714,gsheets
2025-10-29,2025-10-30,handball,iceland,female,handicap,Afturelding,ÍR,away,1.95,0.5765,0.12417500000000004,NA,825,5.5,FALSE,-825,gsheets
2025-10-29,2025-10-30,handball,iceland,female,outcome,Afturelding,ÍR,away,1.28,0.85375,0.09280000000000002,NA,2085,NA,TRUE,584,gsheets
2025-10-31,2025-11-01,handball,iceland,female,handicap,Fram,ÍBV,home,2.3,0.55775,0.2828249999999999,NA,2745,-1.5,FALSE,-2745,gsheets
2025-10-31,2025-11-01,handball,iceland,female,handicap,Valur,Selfoss,home,1.9,0.72925,0.3855749999999999,NA,5400,-6.5,TRUE,4860,gsheets
2025-10-31,2025-11-01,handball,iceland,female,outcome,Fram,ÍBV,home,2.05,0.62725,0.2858624999999998,NA,3435,NA,FALSE,-3435,gsheets
2025-10-31,2025-11-01,handball,iceland,female,outcome,Stjarnan,KA/Þór,away,1.75,0.61225,0.07143749999999993,NA,1200,NA,FALSE,-1200,gsheets
2025-10-31,2025-11-01,handball,iceland,female,outcome,Valur,Selfoss,home,1.15,0.94375,0.0853124999999999,NA,7170,NA,TRUE,1075,gsheets
2025-10-31,2025-11-01,handball,iceland,female,outcome,ÍR,Haukar,home,2.65,0.40425,0.0712625,NA,540,NA,TRUE,891,gsheets
2025-10-31,2025-11-01,handball,iceland,female,totals,Fram,ÍBV,over,1.9,0.59825,0.13667499999999988,NA,1920,53.5,TRUE,1728,gsheets
2025-10-31,2025-11-01,handball,iceland,female,totals,Stjarnan,KA/Þór,under,1.9,0.57425,0.09107500000000002,NA,1275,54.5,TRUE,1147,gsheets
2025-10-31,2025-11-01,handball,iceland,female,totals,Valur,Selfoss,over,1.9,0.661,0.2559,NA,3585,54.5,TRUE,3226,gsheets
2025-10-31,2025-11-01,handball,iceland,female,totals,ÍR,Haukar,over,1.9,0.57275,0.08822499999999989,NA,1230,52.5,TRUE,1107,gsheets
2025-11-05,2025-11-05,handball,iceland,female,handicap,Haukar,Valur,home,1.9,0.65975,0.2535249999999999,NA,3555,3.5,FALSE,-3555,gsheets
2025-11-05,2025-11-05,handball,iceland,female,outcome,Haukar,Valur,home,3.6,0.382,0.3752000000000001,NA,1815,NA,FALSE,-1815,gsheets
2025-11-18,2025-11-19,handball,iceland,male,handicap,ÍR,FH,away,1.9,0.568,0.07919999999999983,NA,1335,3.5,TRUE,1202,gsheets
2025-11-18,2025-11-19,handball,iceland,male,outcome,ÍR,FH,away,1.3,0.77975,0.0136750000000001,NA,690,NA,TRUE,207,gsheets
2025-11-18,2025-11-19,handball,iceland,male,totals,ÍR,FH,over,1.9,0.556,0.0564,NA,945,63.5,FALSE,-945,gsheets
2025-11-18,2025-11-20,handball,iceland,male,handicap,Afturelding,Selfoss,home,1.9,0.6425,0.2207499999999999,NA,3705,-4.5,FALSE,-3705,gsheets
2025-11-18,2025-11-20,handball,iceland,male,handicap,Haukar,HK,home,1.9,0.674,0.28060000000000007,NA,4710,-4.5,TRUE,4239,gsheets
2025-11-18,2025-11-20,handball,iceland,male,handicap,KA,Þór,home,1.9,0.69375,0.3181249999999999,NA,5340,-1.5,TRUE,4806,gsheets
2025-11-18,2025-11-20,handball,iceland,male,outcome,Afturelding,Selfoss,home,1.22,0.88175,0.07573500000000002,NA,5205,NA,FALSE,-5205,gsheets
2025-11-18,2025-11-20,handball,iceland,male,outcome,Haukar,HK,home,1.28,0.88625,0.1344,NA,7260,NA,TRUE,2033,gsheets
2025-11-18,2025-11-20,handball,iceland,male,outcome,KA,Þór,home,1.72,0.7595,0.30633999999999995,NA,6435,NA,TRUE,4633,gsheets
2025-11-18,2025-11-20,handball,iceland,male,totals,Afturelding,Selfoss,under,1.95,0.59,0.15049999999999997,NA,2400,61.5,FALSE,-2400,gsheets
2025-11-18,2025-11-20,handball,iceland,male,totals,Haukar,HK,under,1.9,0.67275,0.27822499999999983,NA,4680,61.5,FALSE,-4680,gsheets
2025-11-18,2025-11-20,handball,iceland,male,totals,KA,Þór,over,1.9,0.728,0.3831999999999999,NA,6435,58.5,TRUE,5791,gsheets
2025-11-18,2025-11-21,handball,iceland,male,handicap,Fram,Stjarnan,home,2,0.699,0.3979999999999999,NA,6015,-1.5,FALSE,-6015,gsheets
2025-11-18,2025-11-21,handball,iceland,male,outcome,Fram,Stjarnan,home,1.75,0.76625,0.3409375,NA,6870,NA,FALSE,-6870,gsheets
2025-11-18,2025-11-21,handball,iceland,male,totals,Fram,Stjarnan,over,1.9,0.73525,0.39697499999999986,NA,6675,59.5,FALSE,-6675,gsheets
2025-11-18,2025-11-22,handball,iceland,male,handicap,Valur,ÍBV,home,1.9,0.70225,0.334275,NA,5610,-2.5,TRUE,5049,gsheets
2025-11-18,2025-11-22,handball,iceland,male,outcome,Valur,ÍBV,home,1.5,0.82,0.22999999999999993,NA,6960,NA,TRUE,3480,gsheets
2025-11-18,2025-11-22,handball,iceland,male,totals,Valur,ÍBV,over,1.92,0.696,0.33631999999999984,NA,5520,61.5,FALSE,-5520,gsheets
2025-11-25,2025-11-27,handball,iceland,male,handicap,Afturelding,Haukar,away,1.9,0.59925,0.1385749999999999,NA,2325,0.5,FALSE,-2325,gsheets
2025-11-25,2025-11-27,handball,iceland,male,handicap,KA,Selfoss,home,1.9,0.60825,0.1556749999999999,NA,2610,-2.5,TRUE,2349,gsheets
2025-11-25,2025-11-27,handball,iceland,male,handicap,Valur,Stjarnan,home,1.96,0.642,0.25832,NA,4065,-3.5,TRUE,3902,gsheets
2025-11-25,2025-11-27,handball,iceland,male,outcome,Afturelding,Haukar,away,2,0.59925,0.1984999999999999,NA,3000,NA,FALSE,-3000,gsheets
2025-11-25,2025-11-27,handball,iceland,male,outcome,KA,Selfoss,home,1.5,0.76025,0.14037499999999997,NA,4245,NA,TRUE,2123,gsheets
2025-11-25,2025-11-27,handball,iceland,male,outcome,Valur,Stjarnan,home,1.37,0.83375,0.14223750000000007,NA,5820,NA,TRUE,2153,gsheets
2025-11-25,2025-11-27,handball,iceland,male,totals,Afturelding,Haukar,under,1.95,0.62375,0.2163125,NA,3450,61.5,TRUE,3278,gsheets
2025-11-25,2025-11-27,handball,iceland,male,totals,KA,Selfoss,over,1.9,0.729,0.3850999999999999,NA,6465,59.5,TRUE,5818,gsheets
2025-11-25,2025-11-27,handball,iceland,male,totals,Valur,Stjarnan,over,1.9,0.57725,0.09677500000000006,NA,1620,59.5,FALSE,-1620,gsheets
2025-11-28,2025-11-28,handball,iceland,male,handicap,Fjölnir,Víkingur,away,1.91,0.55,0.05049999999999999,NA,840,3.5,FALSE,-840,gsheets
2025-11-25,2025-11-28,handball,iceland,male,handicap,HK,ÍBV,home,1.85,0.63175,0.1687375000000001,NA,3000,1.5,FALSE,-3000,gsheets
2025-11-28,2025-11-28,handball,iceland,male,outcome,Fjölnir,Víkingur,away,1.34,0.78975,0.05826500000000001,NA,2595,NA,TRUE,882,gsheets
2025-11-25,2025-11-28,handball,iceland,male,outcome,Fram,FH,home,2.85,0.36775,0.04808750000000006,NA,390,NA,FALSE,-390,gsheets
2025-11-25,2025-11-28,handball,iceland,male,outcome,HK,ÍBV,home,2.8,0.47225,0.32230000000000003,NA,2700,NA,FALSE,-2700,gsheets
2025-11-28,2025-11-28,handball,iceland,male,totals,Fjölnir,Víkingur,over,1.9,0.83525,0.586975,NA,9855,55.5,FALSE,-9855,gsheets
2025-11-25,2025-11-28,handball,iceland,male,totals,Fram,FH,under,1.89,0.537,0.01492999999999999,NA,255,61.5,TRUE,227,gsheets
2025-11-25,2025-11-28,handball,iceland,male,totals,HK,ÍBV,over,1.77,0.5765,0.020405,NA,405,60.5,TRUE,312,gsheets
2025-11-25,2025-11-29,handball,iceland,male,outcome,ÍR,Þór,away,2.53,0.4195,0.06133499999999992,NA,600,NA,FALSE,-600,gsheets
2025-11-25,2025-11-29,handball,iceland,male,totals,ÍR,Þór,over,1.9,0.64025,0.21647499999999983,NA,3630,62.5,TRUE,3267,gsheets
2026-01-21,2026-01-21,handball,iceland,female,handicap,Stjarnan,Haukar,away,1.9,0.53725,0.02077499999999998,NA,345,3.5,TRUE,310,gsheets
2026-01-20,2026-01-21,handball,iceland,female,totals,Stjarnan,Haukar,under,1.85,0.6585,0.218225,NA,3885,58.5,TRUE,3302,gsheets
2026-01-23,2026-01-24,handball,iceland,female,outcome,ÍBV,Valur,away,1.6,0.64925,0.03880000000000006,NA,975,NA,TRUE,585,gsheets
2026-01-23,2026-01-24,handball,iceland,female,totals,ÍBV,Valur,under,1.9,0.7005,0.33094999999999997,NA,5565,58.5,TRUE,5008,gsheets
2026-01-24,2026-01-25,handball,iceland,female,handicap,KA/Þór,Fram,away,2.15,0.54525,0.17228749999999993,NA,2265,1.5,FALSE,-2265,gsheets
2026-01-24,2026-01-25,handball,iceland,female,handicap,Selfoss,ÍR,away,1.9,0.53775,0.02172499999999988,NA,360,2.5,TRUE,324,gsheets
2026-01-23,2026-01-25,handball,iceland,female,outcome,KA/Þór,Fram,away,1.85,0.61525,0.13821249999999996,NA,2460,NA,TRUE,2091,gsheets
2026-01-23,2026-01-25,handball,iceland,female,totals,KA/Þór,Fram,under,1.76,0.7055,0.24168,NA,4815,55.5,TRUE,3659,gsheets
2026-01-28,2026-01-29,handball,iceland,female,handicap,Haukar,ÍR,home,2.15,0.65225,0.4023374999999999,NA,5295,-1.5,FALSE,-5295,gsheets
2026-01-28,2026-01-29,handball,iceland,female,handicap,Selfoss,Valur,away,1.85,0.65975,0.22053749999999991,NA,3930,8.5,TRUE,3340,gsheets
2026-01-28,2026-01-29,handball,iceland,female,handicap,ÍBV,Fram,home,1.8,0.671,0.2078000000000001,NA,3930,-1.5,FALSE,-3930,gsheets
2026-01-27,2026-01-29,handball,iceland,female,outcome,Haukar,ÍR,home,1.8,0.71925,0.29464999999999997,NA,5565,NA,TRUE,4452,gsheets
2026-01-27,2026-01-29,handball,iceland,female,outcome,KA/Þór,Stjarnan,away,3.05,0.3545,0.08122499999999999,NA,600,NA,FALSE,-600,gsheets
2026-01-27,2026-01-29,handball,iceland,female,outcome,Selfoss,Valur,away,1.05,0.96475,0.01298750000000004,NA,3930,NA,TRUE,197,gsheets
2026-01-27,2026-01-29,handball,iceland,female,outcome,ÍBV,Fram,home,1.6,0.73125,0.16999999999999998,NA,4290,NA,TRUE,2574,gsheets
2026-01-27,2026-01-29,handball,iceland,female,totals,Haukar,ÍR,under,1.97,0.72225,0.42283249999999983,NA,6585,56.5,TRUE,6387,gsheets
2026-01-27,2026-01-29,handball,iceland,female,totals,KA/Þór,Stjarnan,under,1.76,0.778,0.36928000000000005,NA,7350,55.5,TRUE,5586,gsheets
2026-01-27,2026-01-29,handball,iceland,female,totals,Selfoss,Valur,over,1.85,0.706,0.30610000000000004,NA,5445,55.5,FALSE,-5445,gsheets
2026-01-27,2026-01-29,handball,iceland,female,totals,ÍBV,Fram,over,1.9,0.565,0.0734999999999999,NA,1230,56.5,TRUE,1107,gsheets
2026-02-04,2026-02-04,handball,iceland,male,handicap,HK,FH,away,1.85,0.55425,0.02536250000000006,NA,570,3.5,FALSE,-570,gsheets
2026-02-04,2026-02-04,handball,iceland,male,handicap,ÍR,KA,home,1.97,0.7035,0.385895,NA,7545,3.5,FALSE,-7545,gsheets
2026-02-03,2026-02-04,handball,iceland,male,outcome,HK,FH,away,1.33,0.777,0.0334100000000001,NA,1920,NA,TRUE,634,gsheets
2026-02-03,2026-02-04,handball,iceland,male,outcome,ÍR,KA,home,5,0.37925,0.8962499999999999,NA,4245,NA,FALSE,-4245,gsheets
2026-02-03,2026-02-04,handball,iceland,male,totals,HK,FH,under,2,0.68325,0.3665000000000001,NA,6945,59.5,FALSE,-6945,gsheets
2026-02-03,2026-02-04,handball,iceland,male,totals,ÍBV,Selfoss,over,2,0.566,0.1319999999999999,NA,2505,62.5,TRUE,2505,gsheets
2026-02-03,2026-02-04,handball,iceland,male,totals,ÍR,KA,over,1.7,0.77675,0.32047500000000007,NA,8685,63.5,TRUE,6079,gsheets
2026-02-04,2026-02-05,handball,iceland,male,handicap,Fram,Afturelding,home,1.57,0.64825,0.0177525,NA,585,1.5,TRUE,333,gsheets
2026-02-04,2026-02-05,handball,iceland,male,handicap,Stjarnan,Þór,home,2.15,0.641,0.37815,NA,6240,-1.5,FALSE,-6240,gsheets
2026-02-03,2026-02-05,handball,iceland,male,outcome,Fram,Afturelding,home,2.35,0.48625,0.1426875000000002,NA,2010,NA,TRUE,2714,gsheets
2026-02-03,2026-02-05,handball,iceland,male,outcome,Stjarnan,Þór,home,1.9,0.71125,0.351375,NA,7395,NA,FALSE,-7395,gsheets
2026-02-03,2026-02-05,handball,iceland,male,outcome,Valur,Haukar,away,2.65,0.404,0.0706,NA,810,NA,TRUE,1336,gsheets
2026-02-03,2026-02-05,handball,iceland,male,totals,Fram,Afturelding,over,1.95,0.5695,0.11052499999999998,NA,2205,60.5,FALSE,-2205,gsheets
2026-02-03,2026-02-05,handball,iceland,male,totals,Stjarnan,Þór,under,1.96,0.57375,0.12454999999999994,NA,2460,58.5,TRUE,2362,gsheets
2026-03-04,2026-03-04,handball,iceland,male,totals,Þór,Haukar,under,2.04,0.595,0.21,0.1,405,59.5,FALSE,-405,pipeline
2026-03-04,2026-03-05,handball,iceland,male,outcome,FH,Afturelding,home,1.8,0.695,0.25,0.12,457,NA,TRUE,365.6,pipeline
2026-03-04,2026-03-05,handball,iceland,male,totals,FH,Afturelding,under,1.9,0.685,0.3,0.13,528,59.5,TRUE,475.19999999999993,pipeline
2026-03-05,2026-03-05,handball,iceland,male,totals,FH,Afturelding,under,1.57,0.781,0.23,0.06,228,61.5,TRUE,129.96000000000004,pipeline
2026-03-05,2026-03-05,handball,iceland,male,totals,ÍBV,ÍR,over,1.84,0.72475,0.3335,0.11,386,63.5,TRUE,324.24,pipeline
2026-03-05,2026-03-06,handball,iceland,male,outcome,Stjarnan,KA,home,3.17,0.414,0.3124,0.07,255,NA,FALSE,-255,pipeline
2026-03-05,2026-03-05,handball,iceland,male,totals,ÍBV,ÍR,over,1.53,0.8165,0.2492,0.07,249,61.5,TRUE,131.97000000000003,pipeline
2026-03-05,2026-03-05,handball,iceland,male,outcome,Valur,Fram,home,1.45,0.7415,0.0752,0.08,296,NA,FALSE,-296,pipeline
2026-04-13,2026-04-13,handball,iceland,male,outcome,Valur,KA,home,1.28,0.81275,0.0403,0.03,376,NA,NA,NA,pipeline
